"公司代號","公司簡稱","財務結構-負債佔資產比率(%)","財務結構-長期資金佔不動產、廠房及設備比率(%)","償債能力-流動比率(%)","償債能力-速動比率(%)","償債能力-利息保障倍數(%)","經營能力-應收款項週轉率(次)","經營能力-平均收現日數","經營能力-存貨週轉率(次)","經營能力-平均售貨日數","經營能力-不動產、廠房及設備週轉率(次)","經營能力-總資產週轉率(次)","獲利能力-資產報酬率(%)","獲利能力-權益報酬率(%)","獲利能力-稅前純益佔實收資本比率(%)","獲利能力-純益率(%)","獲利能力-每股盈餘(元)","現金流量-現金流量比率(%)","現金流量-現金流量允當比率(%)","現金流量-現金再投<br>資比率(%)"
"1259","安心",36.50,469.99,229.18,222.53,63061.00,80.98,4.50,73.13,4.99,11.38,1.75,3.41,5.27,38.93,1.95,4.05,42.80,127.72,0.09
"1264","德麥",22.55,360.49,346.51,263.74,5465.08,4.75,76.84,5.29,68.99,6.52,1.47,16.71,22.01,175.90,11.19,13.33,70.76,103.33,5.29
"1268","漢來美食",56.34,188.81,114.89,46.52,37.11,34.01,10.73,31.50,11.58,4.82,1.19,8.45,21.94,75.23,6.26,6.13,32.11,195.33,17.97
"1336","台翰",48.84,113.19,95.93,73.19,0.73,4.25,85.88,8.51,42.89,1.28,0.67,-5.16,-10.11,-28.03,-8.16,-2.38,4.08,40.41,2.68
"1565","精華",30.00,209.51,289.85,239.49,147.92,6.45,56.58,4.44,82.20,2.36,0.89,22.59,32.60,340.67,24.84,28.88,145.56,106.37,12.02
"1569","濱川",57.64,114.76,93.92,58.90,-6.95,1.83,199.45,4.05,90.12,1.09,0.47,-5.67,-15.34,-35.95,-13.47,-3.54,-0.48,8.63,-0.34
"1570","力肯",21.94,246.03,323.39,230.47,52248.00,6.16,59.25,3.67,99.45,2.78,0.90,12.08,15.22,20.29,12.27,1.68,97.57,168.33,18.13
"1580","新麥",36.55,268.18,232.10,153.21,6697.78,4.55,80.21,3.68,99.18,6.31,1.31,15.83,26.55,140.21,11.85,9.72,67.66,107.60,7.26
"1584","精剛",57.40,99.30,87.91,29.53,-2.23,5.41,67.46,2.05,178.04,0.45,0.32,-2.73,-8.48,-11.03,-11.32,-1.12,-0.03,13.23,-0.01
"1586","和勤",61.98,164.17,132.80,78.68,4.45,2.93,124.57,4.77,76.51,2.14,0.68,0.33,-1.17,-5.22,-0.71,-0.27,-1.31,42.18,-2.70
"1591","駿吉-KY",47.47,99.64,107.21,71.24,6.58,7.16,50.97,3.80,96.05,1.39,0.91,6.79,11.11,19.82,6.88,1.30,71.55,64.57,22.92
"1593","祺驊",21.82,327.07,464.85,365.68,68.55,4.35,83.90,3.59,101.67,3.03,0.85,8.90,11.42,33.57,10.29,3.21,56.33,99.91,2.35
"1595","川寶",24.52,448.15,537.67,406.51,4448.39,1.75,208.57,1.77,206.21,2.20,0.45,8.83,11.29,71.35,19.33,5.43,44.60,76.35,-1.47
"1599","宏佳騰",26.80,256.34,249.92,199.80,0.00,21.96,16.62,12.56,29.06,7.02,1.57,17.53,25.02,79.77,11.15,6.85,62.05,90.75,13.46
"1742","台蠟",40.83,151.40,149.87,58.91,-23.36,8.75,41.71,2.02,180.69,1.55,0.60,-11.03,-17.78,-19.08,-19.08,-1.91,-0.64,42.99,-0.16
"1777","生泰",20.84,265.48,472.23,306.12,872.59,6.29,58.02,2.24,162.94,2.00,0.59,13.44,16.62,62.92,22.86,5.20,86.95,96.15,5.60
"1781","合世",20.80,333.84,307.61,192.13,0.00,8.35,43.71,3.30,110.60,4.30,0.89,-9.70,-12.75,-15.73,-10.90,-1.31,31.00,64.04,7.60
"1784","訊聯",27.05,308.25,454.64,410.76,"*****",3.13,116.61,11.70,31.19,1.09,0.32,0.65,0.89,4.04,2.02,0.47,19.70,98.56,0.01
"1785","光洋科",77.55,92.04,83.50,24.57,-6.95,30.42,11.99,8.59,42.49,7.16,2.90,-4.43,-19.12,-27.54,-1.72,-2.62,10.14,86.94,8.35
"1788","杏昌",37.23,445.07,209.45,159.26,124.13,2.56,142.57,5.41,67.46,7.95,1.13,8.99,14.13,75.18,7.86,6.20,5.53,28.99,-7.57
"1796","金穎生技",35.38,245.06,277.10,174.85,33.43,6.06,60.23,2.92,125.00,3.29,1.15,17.16,27.71,23.16,14.48,2.26,103.00,436.25,10.03
"1799","易威",2.57,512.92,2181.34,1993.20,0.00,6.79,53.75,11.38,32.07,4.15,0.57,-18.39,-19.58,-23.11,-32.32,-2.34,-339.86,-214.20,-6.98
"1813","寶利徠",9.80,260.06,597.84,418.71,321122.86,3.83,95.30,2.36,154.66,1.00,0.35,8.98,9.91,24.09,25.19,2.12,173.66,121.21,5.12
"1815","富喬",43.82,127.28,169.16,109.61,5.51,5.91,61.75,4.51,80.93,0.53,0.39,4.23,6.41,11.90,8.75,1.04,62.32,119.02,6.05
"2035","唐榮公司",70.54,389.18,101.98,19.02,-7.69,38.81,9.40,3.68,99.18,3.34,0.68,-4.29,-15.54,-26.75,-7.24,-2.66,16.19,55.03,2.17
"2061","風青",38.10,330.00,208.73,175.25,-2103.29,3.12,116.98,6.42,56.85,5.58,1.00,-8.22,-13.97,-14.99,-8.53,-1.50,"NA",35.44,"NA"
"2063","世鎧",47.69,146.47,172.35,98.46,12.23,4.74,77.00,2.20,165.90,1.16,0.57,6.19,10.60,17.37,9.97,1.50,18.25,63.64,-0.25
"2064","晉椿",47.66,177.20,177.02,133.04,9.71,4.46,81.83,5.48,66.60,2.56,0.82,3.87,6.52,19.78,4.13,1.36,47.53,"NA",8.90
"2065","世豐",31.89,165.07,179.03,104.37,18.69,6.55,55.72,4.94,73.88,2.07,0.97,4.82,6.67,21.66,4.70,1.86,28.52,75.96,2.42
"2066","世德",20.03,343.67,394.37,283.07,10737.87,5.70,64.03,3.13,116.61,5.45,0.99,20.64,24.79,88.24,19.84,7.10,161.31,137.84,17.60
"2067","嘉鋼",66.32,115.14,98.07,56.54,-7.01,4.24,86.08,4.16,87.74,1.64,0.70,-6.35,-18.68,-31.10,-10.21,-2.79,1.68,60.90,0.05
"2070","精湛",41.69,194.76,271.30,141.47,104.53,5.76,63.36,1.29,282.94,1.53,0.65,11.93,21.49,63.70,18.23,5.27,-9.24,31.69,-4.31
"2221","大甲",46.64,197.49,272.44,111.07,16.26,5.56,65.64,1.44,253.47,1.98,0.72,6.65,11.87,21.20,8.37,1.68,42.14,102.93,9.21
"2230","泰茂",33.80,231.62,213.90,130.37,7.70,3.28,111.28,1.79,203.91,1.38,0.45,2.41,3.06,4.91,4.59,0.42,36.30,66.07,-3.59
"2235","謚源",33.68,152.74,99.68,69.08,54.27,3.22,113.35,4.54,80.39,1.37,0.59,13.72,21.03,72.13,22.68,5.22,51.71,121.62,8.37
"2596","綠意",38.03,3200.46,247.15,49.95,7.38,612.87,0.59,0.11,3318.18,5.76,0.12,2.66,3.52,7.64,19.69,0.70,-44.58,-25.10,-37.23
"2640","大車隊",53.12,145.85,81.11,72.31,10.97,4.52,80.75,4.40,82.95,1.96,0.62,7.61,14.89,51.67,11.11,4.20,16.33,63.83,0.63
"2641","正德",62.79,99.57,23.45,16.64,1.31,1193.82,0.30,56.28,6.48,0.21,0.17,2.56,3.90,1.24,7.79,0.47,28.56,57.11,5.24
"2643","捷迅",53.01,430.73,188.33,177.90,54.39,5.48,66.60,"*****","*****",21.65,2.96,9.74,20.84,61.73,3.22,4.08,21.18,3.60,10.31
"2718","全心投控",33.26,145.51,282.61,280.40,25.92,20.69,17.64,191.55,1.90,0.51,0.32,4.10,5.94,19.80,12.44,1.53,67.85,119.05,5.89
"2719","燦星旅",50.33,2007.59,180.99,155.88,0.00,89.60,4.07,430.88,0.84,117.06,3.02,-1.55,-3.11,-4.29,-0.51,-0.42,0.84,145.07,-4.43
"2724","藝舍-KY",71.98,74.36,41.62,15.75,-1.70,8.36,43.66,1240.19,0.29,0.61,0.39,-4.55,-20.87,-35.32,-16.62,-3.91,5.59,25.94,3.99
"2726","雅茗-KY",60.67,457.48,237.30,216.23,24.00,57.29,6.37,10.59,34.46,9.15,1.20,5.41,13.06,36.60,4.27,2.65,45.25,122.17,11.09
"2729","瓦城",19.73,189.92,290.28,259.46,271.38,21.15,17.25,17.53,20.82,3.99,1.54,12.51,15.39,145.15,8.08,12.00,107.57,75.84,8.83
"2732","六角",33.93,239.40,203.35,183.03,68.52,7.98,45.73,9.88,36.94,5.33,1.47,3.13,19.32,62.06,8.36,5.06,53.93,104.07,11.81
"2734","易飛網",48.87,426.01,327.32,290.27,0.06,36.55,9.98,197.47,1.84,9.06,1.83,-0.58,-1.66,-1.07,-0.53,-0.31,-14.01,111.39,-5.03
"2736","富野",31.07,148.99,224.58,213.61,5525.69,90.54,4.03,96.62,3.77,0.79,0.47,15.34,24.00,65.29,31.79,5.93,55.43,59.25,8.51
"2740","天蔥",31.40,163.50,178.57,169.89,20.82,18.99,19.22,70.81,5.15,4.77,2.36,7.41,10.46,19.72,2.98,1.80,100.54,99.90,21.22
"2745","五福",63.40,388.81,138.28,105.34,499.40,18.53,19.69,"NA","NA",50.81,4.81,9.16,26.73,51.74,1.76,4.30,24.11,290.96,33.18
"2916","滿心",30.68,429.32,290.06,112.30,56.76,5.57,65.52,1.15,317.39,6.00,1.07,6.33,8.91,17.75,5.83,1.47,28.12,94.22,2.83
"2924","宏太-KY",36.69,631.37,411.22,262.60,3441.32,8.06,45.28,1.20,304.16,6.87,0.97,1.99,2.70,19.03,1.90,0.71,39.61,53.58,2.59
"2926","誠品生活",65.58,191.62,117.47,101.75,6375.12,7.17,50.90,6.34,57.57,3.53,0.84,9.24,26.83,106.29,10.76,9.12,30.41,"NA",13.07
"2937","集雅社",56.61,362.22,150.54,90.03,59.27,4.32,84.49,2.84,128.52,10.54,1.41,3.20,6.88,11.09,2.23,0.87,0.83,"NA",-1.49
"3064","泰偉",38.19,135.79,92.92,65.02,-34.17,42.39,8.61,0.49,744.89,0.27,0.11,-23.70,-36.15,-38.96,-210.79,-3.74,-57.33,-116.34,-42.10
"3066","李洲",43.48,104.77,106.58,46.49,-16.68,3.02,120.86,1.49,244.96,0.80,0.34,-9.44,-24.94,-17.74,-29.31,-1.77,-11.71,-14.01,-2.98
"3067","全域",21.82,267.04,372.64,262.73,0.00,6.43,56.76,4.34,84.10,2.94,0.80,-10.58,-13.88,-13.57,-13.17,-1.34,0.00,23.53,0.00
"3071","協禧",40.49,288.18,190.05,151.40,5.02,3.00,121.66,5.96,61.24,4.58,0.96,0.39,0.46,1.02,0.28,0.05,21.68,158.95,10.18
"3073","天方能源",44.19,192.56,342.23,136.27,-3.58,1.63,223.92,0.28,1303.57,0.17,0.07,-4.65,-9.30,-4.37,-74.05,-0.66,-89.41,-133.39,-9.35
"3078","僑威",37.71,300.58,212.05,180.99,146.31,2.95,123.72,6.45,56.58,4.09,0.95,9.81,15.22,33.19,10.20,2.62,25.04,121.14,4.33
"3081","聯亞",10.12,384.32,745.69,709.39,"NA",4.33,84.29,5.34,68.35,2.54,0.70,34.24,38.97,170.66,48.77,14.89,239.99,"NA",13.01
"3083","網龍",15.42,9021.13,560.84,517.03,0.00,"NA","NA","NA","NA",26.67,0.22,-20.21,-22.95,-35.78,-90.05,-3.61,-89.41,12.31,-15.26
"3085","新零售",17.26,12101.52,537.19,529.62,"NA",5.25,69.52,"NA","NA",121.72,0.83,0.93,1.18,5.23,1.17,0.05,-9.12,683.84,-19.28
"3086","華義",60.04,453.86,159.59,146.51,-20.25,9.62,37.94,39.74,9.18,2.91,0.50,-15.05,-34.01,-22.31,-31.08,-2.21,-53.97,25.72,-17.57
"3088","艾訊",41.88,394.48,228.87,128.63,15489.58,8.17,44.67,3.51,103.98,11.25,1.72,15.88,26.39,72.69,9.19,5.38,57.35,84.26,11.10
"3093","港建*",23.35,356.82,355.21,326.08,0.00,4.44,82.20,8.31,43.92,3.42,0.73,8.84,11.44,27.68,11.72,2.67,74.05,70.80,18.61
"3095","及成",84.43,67.68,69.88,62.99,-8.45,2.88,126.73,9.37,38.95,2.10,0.89,-1.34,-21.25,-13.51,-4.47,-1.76,6.95,95.71,8.57
"3105","穩懋",28.63,167.82,151.64,94.60,63.29,17.29,21.11,3.65,100.00,1.03,0.52,11.68,16.12,57.56,22.23,3.97,106.23,117.83,16.19
"3114","好德",46.34,683.75,177.73,155.96,1884.98,2.87,127.17,14.95,24.41,15.52,1.27,4.13,7.06,14.52,3.08,1.18,-2.36,-86.76,-6.78
"3115","富榮綱",46.02,295.67,171.79,158.42,-1.36,2.13,171.36,14.44,25.27,6.34,1.16,-0.59,-1.79,-1.97,-0.85,-0.17,12.07,111.33,5.13
"3118","進階",23.07,342.60,327.45,284.65,0.00,5.32,68.60,4.70,77.65,3.40,0.76,11.50,15.16,29.29,15.08,2.42,63.71,121.01,4.84
"3122","笙泉",23.37,285.16,311.97,274.74,239.99,7.42,49.19,6.08,60.03,3.11,0.88,6.15,8.22,12.89,6.96,1.04,42.48,65.26,4.88
"3128","昇銳",37.24,184.31,205.33,95.14,1.37,5.32,68.60,2.11,172.98,1.99,0.80,1.05,0.93,0.74,1.65,0.06,-9.80,20.20,-3.21
"3131","弘塑",48.03,442.64,170.94,125.15,116.00,7.86,46.43,1.98,184.34,4.63,0.60,13.71,25.50,201.56,20.27,16.41,28.03,104.82,9.49
"3141","晶宏",21.06,1028.32,360.96,225.83,"NA",7.44,49.05,2.40,152.08,12.86,0.91,6.89,8.33,15.07,7.60,0.88,117.87,118.83,23.49
"3152","璟德",11.54,345.91,649.97,621.49,"NA",5.76,63.36,7.35,49.65,2.02,0.53,23.17,25.93,133.20,43.32,11.06,233.90,130.00,10.81
"3162","精確",50.23,121.09,102.82,49.45,-0.38,3.75,97.33,2.64,138.25,1.56,0.71,0.10,-1.55,-2.80,-1.07,-0.15,11.66,37.12,7.19
"3163","波若威",38.55,241.06,190.25,104.91,-9.27,6.09,59.93,3.08,118.50,3.92,1.07,-2.94,-4.78,-6.62,-0.03,-0.97,11.04,42.28,0.26
"3169","亞信",12.09,1045.85,558.43,455.75,2315.32,8.04,45.39,4.88,74.79,8.53,0.72,7.19,8.08,15.20,9.90,1.21,92.97,67.15,2.52
"3171","炎洲流通",65.05,155.62,158.16,149.70,29.54,3.14,116.24,18.60,19.62,2.40,0.99,5.60,14.52,16.26,4.80,1.41,13.86,28.71,7.63
"3176","基亞",22.92,217.51,452.22,406.14,-78.33,4.54,80.39,2.23,163.67,0.21,0.08,-14.53,-18.50,-54.06,-181.47,-3.90,88.30,-88.72,8.22
"3178","公準",67.88,100.92,91.66,63.44,5.33,4.42,82.57,4.85,75.25,1.33,0.70,6.42,17.52,23.83,7.44,2.05,36.65,168.95,14.77
"3188","鑫龍騰",8.11,7966.36,1173.46,1085.33,0.00,3.57,102.24,3.78,96.56,37.90,0.44,-8.34,-9.33,-5.04,-16.56,-0.61,35.29,-48.15,2.81
"3191","雲嘉南",31.63,249.01,204.47,166.75,-36.29,3.18,114.77,6.02,60.63,2.78,0.76,-16.23,-22.38,-26.10,-22.65,-2.46,-39.75,-1.30,-10.65
"3202","樺晟",57.03,251.30,142.44,92.66,-0.34,2.43,150.20,3.32,109.93,451.05,87.43,-0.64,-2.81,-2.63,-1.42,-0.24,3.40,-81.94,1.60
"3205","佰研",36.84,654.87,260.16,220.67,84.19,5.62,64.94,7.88,46.31,10.69,1.51,36.93,60.92,113.74,24.25,11.81,65.14,97.53,31.92
"3206","志豐",36.81,597.13,208.59,172.05,2415.89,4.23,86.28,9.04,40.37,12.01,1.29,7.74,12.17,26.02,5.70,2.03,22.55,146.40,9.83
"3207","耀勝",57.28,192.35,143.12,112.23,-36.75,3.31,110.27,6.54,55.81,4.99,1.31,-9.50,-20.04,-14.07,-7.39,-1.90,-0.98,65.95,-0.52
"3211","順達",54.92,648.66,187.97,155.94,3112.31,4.93,74.03,10.31,35.40,12.48,1.25,4.20,9.12,64.65,3.23,4.64,16.49,78.08,2.83
"3213","茂訊",21.98,776.84,497.65,278.74,0.00,26.98,13.52,2.70,135.18,12.34,1.24,14.30,18.44,48.54,11.41,3.98,59.58,95.46,-1.75
"3217","優群",25.44,249.03,199.24,157.86,54.87,2.81,129.89,4.57,79.86,2.12,0.65,4.95,6.47,13.54,7.43,1.11,52.50,99.37,7.25
"3218","大學光",39.16,164.89,186.28,171.92,21.75,3.42,106.72,5.53,66.00,1.39,0.55,4.17,7.08,15.17,7.99,1.23,33.40,88.68,5.85
"3219","倚強科",8.47,27288.61,1284.15,942.44,"NA",34.12,10.69,2.25,162.22,140.71,0.85,-1.88,-2.44,-1.68,-2.29,-0.17,-178.29,-167.47,-14.43
"3221","台嘉碩",29.07,229.65,253.75,195.97,34.78,4.49,81.29,2.82,129.43,2.43,0.78,4.86,6.69,14.10,6.09,1.25,47.17,163.27,5.03
"3224","三顧",49.22,910.57,183.70,147.44,2.82,4.85,75.25,10.51,34.72,38.48,2.23,0.51,0.42,1.74,0.08,0.05,-5.71,-228552.63,-541.51
"3226","龍鋒",24.46,635.41,345.38,306.00,0.00,4.05,90.12,8.66,42.14,7.91,0.94,19.78,25.61,33.20,18.22,3.12,79.23,212.11,24.47
"3227","原相",17.02,2267.93,541.06,509.06,141.29,5.80,62.93,5.01,72.85,17.59,0.65,4.32,5.08,26.90,6.54,2.40,69.37,67.57,4.73
"3228","金麗科",26.99,327.70,292.76,161.39,-54.34,1.75,208.57,0.67,544.77,1.98,0.50,-10.79,-13.94,-9.24,-21.31,-0.93,5.37,9.67,1.38
"3230","錦明",40.45,177.24,142.89,122.31,0.42,1.86,196.23,7.81,46.73,1.70,0.68,-2.20,-5.52,-1.21,-4.83,-0.74,29.50,141.27,7.52
"3232","昱捷",33.23,2173.97,295.76,252.14,11.45,4.60,79.34,5.03,72.56,40.74,1.13,0.88,1.13,3.36,0.63,0.14,27.01,459.08,1.47
"3234","光環",47.38,203.08,240.13,159.58,9447.79,5.53,66.00,4.11,88.80,3.83,1.32,22.96,39.93,87.74,17.22,8.04,93.56,74.39,17.91
"3236","千如",44.72,302.96,198.44,138.53,23.62,6.01,60.73,4.59,79.52,6.11,1.28,4.94,8.46,17.88,3.78,1.11,35.23,144.22,11.31
"3252","海灣",67.22,23238.55,85.43,25.11,717.35,71.14,5.13,0.05,7300.00,4.93,0.03,8.97,24.64,150.91,234.29,14.15,0.00,0.00,0.00
"3259","鑫創",11.78,384.52,583.00,446.69,-680.27,8.34,43.76,2.89,126.29,3.03,0.63,-21.45,-24.23,-20.89,-34.01,-2.17,-92.98,-80.76,-11.45
"3260","威剛",63.75,225.74,121.28,84.37,1.16,9.30,39.24,5.02,72.70,4.16,0.97,0.25,-0.61,0.84,-0.24,-0.22,18.53,47.59,8.97
"3264","欣銓",28.86,127.84,221.31,213.05,21.41,5.55,65.76,"NA","NA",0.64,0.44,7.61,10.51,24.72,16.66,2.14,175.91,94.47,8.89
"3265","台星科",58.20,169.50,486.00,471.30,-1.93,4.98,73.29,45.63,7.99,0.63,0.36,-2.50,-7.30,-14.70,-9.30,-1.20,153.84,279.81,6.65
"3268","海德威",29.17,708.39,287.28,272.00,0.66,1.96,186.22,17.90,20.39,9.37,0.96,-1.68,-2.94,-3.91,-2.00,-0.50,5.72,"NA",1.58
"3272","東碩",45.85,831.86,249.32,198.89,49.90,4.25,85.88,5.64,64.71,13.63,1.09,9.27,16.79,58.12,7.84,4.39,39.15,159.58,11.84
"3276","宇環",39.78,339.54,153.45,146.74,6.88,2.11,172.98,21.13,17.27,3.13,0.61,1.68,2.57,3.09,2.44,0.29,7.17,88.26,0.61
"3284","太普高",21.95,340.43,573.98,482.09,16.15,2.88,126.73,6.15,59.34,2.50,0.77,6.53,9.12,11.13,8.09,1.29,180.74,202.04,14.87
"3285","微端",30.92,607.02,301.69,227.52,0.00,5.16,70.73,5.29,68.99,14.24,1.59,7.12,10.31,19.25,4.33,1.33,31.03,73.46,6.31
"3287","廣寰科",16.38,451.31,501.22,396.52,0.00,4.95,73.73,2.82,129.43,3.45,0.62,-4.80,-5.81,-7.86,-7.70,-0.65,-28.76,33.10,-7.10
"3288","點晶",64.85,1463.54,186.06,47.39,-1340.58,3.30,110.60,0.65,561.53,8.87,0.39,-13.49,-37.02,-19.99,-0.37,-1.99,-11.33,-0.87,-8.21
"3289","宜特",52.08,185.32,127.57,114.48,18.84,3.35,108.95,2.00,182.50,1.40,0.58,7.99,15.07,70.24,13.06,7.01,28.60,87.91,5.28
"3290","東浦",48.87,196.95,161.49,137.24,6.46,2.52,144.84,7.36,49.59,2.97,0.79,3.28,5.67,13.41,3.42,0.97,46.41,48.50,22.85
"3293","鈊象",18.09,217.82,361.25,332.18,"NA",5.30,68.86,2.16,168.98,1.45,0.56,9.26,11.12,50.81,15.92,4.40,87.44,76.36,9.01
"3294","英濟",52.17,200.18,136.30,114.84,7.32,3.33,109.60,8.41,43.40,4.42,1.11,1.30,1.87,10.85,0.82,0.60,11.63,131.75,6.79
"3297","杭特",14.91,193.18,379.10,314.06,268.72,6.45,56.58,2.50,146.00,1.24,0.55,3.05,3.60,10.83,5.73,0.87,-33.47,"NA",-11.82
"3303","岱稜",41.69,172.43,196.58,149.98,9.39,3.47,105.18,5.57,65.52,1.80,0.75,5.11,8.53,16.45,5.62,1.53,64.47,167.59,14.36
"3306","鼎天",16.18,13236.71,425.94,389.82,7023.00,11.84,30.82,11.53,31.65,125.00,0.79,3.15,3.84,11.10,4.31,1.11,41.27,140.75,3.94
"3310","佳穎",61.07,3587.31,156.93,26.15,9.24,5.97,61.13,0.22,1659.09,20.66,0.22,3.30,7.60,11.21,12.81,1.00,5.13,-78.08,5.31
"3313","斐成",33.83,403.80,228.92,200.62,-14.53,2.58,141.47,7.85,46.49,5.92,0.98,-9.74,-16.82,-24.20,-12.35,-1.93,55.98,182.29,16.91
"3317","尼克森",40.57,448.17,207.21,146.48,-2.94,2.36,154.66,2.60,140.38,6.02,0.85,-0.95,-1.82,-3.42,-1.33,-0.44,14.85,574.46,10.00
"3322","建舜電",49.81,355.27,205.86,162.26,-13.62,2.89,126.29,7.09,51.48,5.05,1.02,-5.10,-10.01,-11.18,-5.28,-1.23,-11.36,73.19,-6.65
"3323","加百裕",37.75,461.14,227.49,195.34,30.44,3.69,98.91,9.83,37.13,9.48,1.22,2.67,4.32,15.10,2.10,1.10,42.00,"NA",16.50
"3324","雙鴻",59.85,172.38,112.78,85.59,15.79,3.77,96.81,8.44,43.24,5.67,1.36,5.70,13.57,35.39,3.89,2.42,16.21,65.93,15.46
"3325","旭品",34.61,298.64,207.34,161.28,558.25,2.59,140.92,4.99,73.14,3.96,0.91,1.11,1.19,3.41,0.87,0.16,8.91,"NA",3.26
"3332","幸康",13.91,607.16,609.59,471.31,"NA",6.20,58.87,2.02,180.69,5.02,0.70,7.37,8.70,31.35,10.49,2.49,68.23,75.38,1.04
"3339","泰谷",56.47,128.94,173.21,119.17,-45.86,1.85,197.29,4.05,90.12,0.56,0.34,-30.78,-65.38,-36.18,-91.55,-3.62,59.54,50.72,2.95
"3349","寶德",50.95,675.40,181.86,155.09,"NA",3.17,115.14,7.33,49.79,16.25,1.40,6.99,13.84,23.10,4.99,1.75,11.10,146.19,12.97
"3354","律勝",11.12,307.14,546.54,410.30,20.90,1.81,201.65,2.82,129.43,1.22,0.37,1.40,1.51,2.65,3.62,0.24,170.70,100.06,12.89
"3357","臺慶科",40.12,176.90,162.45,132.65,28.31,2.56,142.57,6.15,59.34,2.06,0.76,8.05,13.02,40.23,10.24,3.35,38.14,75.11,10.52
"3360","尚立",72.34,1046.72,133.84,120.64,3.50,4.51,80.93,22.31,16.36,99.33,2.56,2.07,5.61,9.98,0.58,0.91,"NA",63.65,"NA"
"3362","先進光",38.18,204.48,197.68,147.47,-13.00,4.88,74.79,3.46,105.49,1.85,0.64,-5.03,-8.66,-10.31,-8.19,-1.11,40.81,75.62,6.03
"3363","上詮",24.89,362.25,263.34,185.22,-45.33,3.24,112.65,4.90,74.48,2.95,0.61,-2.52,-3.38,-4.98,-4.29,-0.63,-3.18,32.98,-3.13
"3372","典範",10.97,216.94,580.06,414.68,0.00,4.21,86.69,12.89,28.31,1.13,0.47,-2.76,-3.11,-2.66,-5.95,-0.27,77.53,123.75,3.69
"3373","熱映",18.00,553.00,441.00,288.00,0.00,8.48,43.04,3.13,116.61,10.33,1.03,8.00,10.00,19.00,8.00,1.62,51.00,39.00,6.00
"3374","精材",31.31,105.56,111.21,90.25,9.71,6.40,57.03,18.46,19.77,0.74,0.56,1.93,2.79,7.97,3.01,0.56,104.59,73.71,9.76
"3379","彬台",38.34,530.11,213.67,111.31,-3543.00,8.68,42.05,3.30,110.60,9.08,1.02,-0.92,-1.63,-3.73,-0.91,-0.27,0.00,0.00,0.00
"3388","崇越電",28.00,1448.00,369.00,300.00,339.00,4.06,89.90,7.84,46.55,45.61,1.62,7.08,9.83,61.00,4.35,4.68,39.11,"NA",3.01
"3390","旭軟",13.96,422.80,551.52,513.73,114.96,1.58,231.01,5.72,63.81,2.32,0.47,3.75,4.49,10.42,7.92,0.94,167.87,62.60,13.09
"3402","漢科",61.51,414.21,153.19,62.64,39.57,9.04,40.37,1.61,226.70,7.75,0.79,2.77,6.10,12.48,2.93,0.99,7.68,38.30,6.94
"3426","台興",25.45,827.73,431.04,395.94,3516.58,4.20,86.90,7.23,50.48,10.57,0.95,9.49,12.99,45.70,10.03,3.12,87.25,182.78,12.97
"3430","奇鈦科",68.46,114.19,113.25,49.29,3.79,4.38,83.33,2.38,153.36,1.31,0.67,2.00,5.91,9.78,2.96,0.83,-5.63,12.28,-6.13
"3434","哲固",51.63,340.41,162.99,90.37,7.72,4.65,78.49,4.48,81.47,10.04,1.43,3.80,7.07,8.89,2.32,0.72,2.32,67.16,1.60
"3438","類比科",29.16,174.91,189.62,135.89,102.71,4.59,79.52,3.40,107.35,2.11,0.58,0.31,0.03,0.03,0.04,0.01,7.79,37.65,-4.29
"3441","聯一光電",7.72,440.13,1293.12,808.43,-21.76,3.94,92.63,1.66,219.87,2.66,0.56,-1.71,-1.94,-3.95,-3.23,-0.43,112.16,144.59,3.77
"3444","利機",32.57,276.89,215.87,193.78,59.83,3.45,105.79,12.19,29.94,4.55,1.13,4.98,7.48,12.80,4.35,1.11,47.01,109.86,13.72
"3455","由田",28.01,590.45,352.29,297.05,57.61,1.71,213.45,2.28,160.08,4.37,0.58,7.81,10.90,36.50,13.20,3.06,13.95,21.69,2.65
"3465","進泰電子",62.46,5663.05,171.09,134.34,-29.04,2.83,128.97,2.65,137.73,5.40,0.56,-21.54,-92.12,-26.36,-39.59,-2.93,-51.69,-275.23,-133.91
"3466","德晉",24.26,732.51,338.29,283.75,-216.66,2.89,126.29,3.13,116.61,8.15,0.70,-1.23,-1.63,-4.36,-1.77,-0.44,0.00,64.80,-5.49
"3479","安勤",28.61,317.42,271.34,186.18,5954.01,7.44,49.05,6.31,57.84,6.41,1.57,10.83,14.83,59.23,6.86,4.35,33.84,"NA",2.90
"3483","力致",46.14,217.88,164.16,129.35,-209.97,2.17,168.20,5.47,66.72,2.78,0.75,-0.68,-1.83,-8.88,-1.32,-0.73,12.43,60.00,6.44
"3484","崧騰",44.72,297.22,228.99,164.49,24.39,3.96,92.17,3.52,103.69,4.67,1.04,6.52,11.83,34.88,6.00,3.04,19.89,54.22,1.59
"3489","森寶",59.30,247664.17,417.88,131.72,-2.02,5.19,70.32,0.62,588.70,991.85,0.34,-2.14,-6.02,-6.92,-7.86,-0.84,13.90,-66.30,4.36
"3490","單井",28.30,213.88,262.21,236.71,53839.72,6.78,53.83,12.69,28.76,3.08,1.01,17.05,24.36,92.67,16.77,6.44,128.32,122.62,22.72
"3491","昇達科",24.10,223.58,243.57,208.03,534.68,3.72,98.11,4.44,82.20,1.86,0.67,11.75,15.08,57.63,17.58,4.52,75.22,98.34,10.16
"3492","長盛",47.82,343.50,165.40,111.77,46.09,4.60,79.34,5.33,68.48,7.66,1.24,8.67,17.48,30.68,6.82,2.29,26.88,"NA",9.95
"3498","陽程",34.02,475.32,263.36,215.72,41.90,1.76,207.38,3.04,120.06,4.27,0.62,8.86,13.49,63.75,12.56,5.20,16.26,67.09,2.12
"3499","環天科",26.49,194.48,209.06,150.72,12.79,12.10,30.16,4.10,89.02,1.75,0.70,2.12,2.62,4.67,2.74,0.30,41.54,-287.18,9.50
"3508","位速",9.18,903.33,141.00,122.77,0.00,2.87,127.17,12.81,28.49,2.58,0.26,-18.27,-20.38,-47.83,-81.08,-4.97,-54.57,116.15,-4.30
"3511","矽瑪",39.23,216.25,150.64,129.90,16.36,3.86,94.55,8.28,44.08,3.48,0.96,3.73,6.10,9.05,2.46,1.10,21.46,41.84,10.51
"3512","皇龍",42.53,284.20,191.44,115.74,3.26,2.22,164.41,2.03,179.80,2.48,0.66,3.38,4.44,5.02,3.72,0.55,-67.96,-67.99,-34.86
"3516","亞帝歐",17.02,201.75,333.07,255.13,-11.36,2.56,142.57,1.76,207.38,0.81,0.36,-2.19,-2.94,-6.91,-6.59,-0.67,8.86,-11.29,0.87
"3520","華盈",60.90,292.53,166.45,145.34,-4.32,2.08,175.48,5.18,70.46,3.69,0.61,-4.23,-13.01,-6.82,-7.97,-0.79,13.66,6.58,9.43
"3521","鴻翊",42.54,306.34,186.23,58.25,7.38,7.83,46.61,1.70,214.70,3.74,0.83,3.78,5.26,5.19,4.02,0.52,-53.15,151.75,-30.57
"3522","御嵿",46.54,282.39,215.39,198.33,-6.05,1.94,188.14,10.26,35.57,3.65,0.77,-2.36,-5.10,-14.58,-3.71,-1.18,28.28,57.15,21.41
"3523","迎輝",68.51,94.30,78.00,61.40,-7.80,1.85,197.29,4.84,75.41,0.46,0.32,-12.38,-39.71,-40.43,-42.83,-4.03,-6.89,"NA",-1.76
"3526","凡甲",31.67,249.05,235.80,199.75,116.42,2.69,135.68,6.57,55.55,3.27,0.90,4.84,7.10,17.73,5.38,1.42,66.23,75.35,15.15
"3527","聚積",21.66,834.06,363.98,283.53,157.90,5.09,71.70,4.42,82.57,11.33,0.99,4.82,6.39,36.18,4.84,3.51,36.76,99.20,9.57
"3529","力旺",10.74,373.31,718.69,710.36,"NA",20.03,18.22,"NA","NA",2.19,0.54,23.85,26.60,70.71,43.89,6.32,258.89,107.97,3.32
"3531","先益",26.82,356.28,309.25,276.80,1025.00,2.89,126.29,7.88,46.31,3.42,0.73,0.88,1.04,5.62,1.06,0.30,44.38,102.33,7.53
"3537","堡達",39.57,362.48,246.14,189.21,23.21,3.10,117.74,7.32,49.86,8.86,1.55,5.49,8.34,18.25,3.24,1.41,-14.36,64.11,-13.24
"3540","曜越",44.69,1073.01,197.87,109.57,2.98,5.08,71.85,2.18,167.43,22.27,1.19,1.33,2.08,0.80,1.03,0.41,-2.99,38.85,-5.24
"3541","西柏",34.57,316.13,249.28,174.39,100.80,7.68,47.52,2.63,138.78,5.19,1.06,14.57,22.61,51.11,13.68,4.27,81.36,101.53,13.41
"3546","宇峻",11.80,814.65,763.71,735.00,"*****",7.97,45.79,"*****","*****",5.97,0.65,-3.15,-3.61,-6.91,-4.86,-0.92,27.12,177.54,1.15
"3548","兆利",43.34,193.20,163.20,132.62,50.39,2.44,149.59,7.81,46.73,2.57,0.85,4.41,7.58,53.40,5.07,3.92,8.80,53.87,2.80
"3551","世禾",19.78,172.11,319.09,301.88,42.52,3.15,115.87,16.58,22.01,0.82,0.41,5.60,6.77,41.12,13.31,3.16,46.17,70.07,1.11
"3552","同致",55.57,277.05,145.12,104.36,41.72,2.96,123.31,2.91,125.42,5.44,0.93,10.81,22.58,124.20,11.22,9.39,2.04,56.10,-4.30
"3555","博士旺",39.61,23752.90,247.10,216.46,0.00,7.90,46.20,2.44,149.59,16.02,1.31,-112.35,-193.06,-71.22,-86.41,-13.32,0.00,96.83,0.00
"3556","禾瑞亞",20.96,24567.37,458.16,409.78,227.03,7.79,46.85,2.05,178.04,191.09,0.65,14.48,18.25,46.00,22.08,4.10,83.52,102.26,3.04
"3558","神準",47.62,708.76,193.33,169.78,2592.89,7.44,49.05,10.19,35.81,23.41,1.62,17.32,34.04,191.24,10.71,16.60,38.52,168.84,14.04
"3564","其陽",49.60,169.04,205.98,126.77,128.98,5.63,64.83,4.40,82.95,2.78,1.48,14.13,24.91,75.97,9.48,6.16,83.99,31.60,6.54
"3567","逸昌",9.21,153.30,388.05,384.67,51909.38,3.84,95.05,"NA","NA",138.83,63.08,8.29,9.21,13.98,13.13,1.23,296.98,131.01,6.24
"3570","大塚",23.20,2362.73,451.74,397.98,0.00,3.78,96.56,10.16,35.92,41.99,1.40,12.04,15.62,64.02,8.58,5.01,58.99,95.38,3.27
"3577","泓格",26.12,177.94,306.74,113.99,28.97,10.97,33.27,1.08,337.96,1.31,0.63,6.94,9.22,20.68,10.56,1.76,78.22,44.38,5.39
"3580","友威科",63.27,216.90,119.40,94.08,-11.83,1.36,268.38,3.84,95.05,2.20,0.52,-9.41,-23.93,-15.85,-19.08,-1.69,10.60,144.93,6.03
"3581","博磊",22.19,590.25,405.86,289.26,57.86,2.93,124.57,2.43,150.20,6.20,0.85,4.89,6.67,12.70,5.65,0.91,58.13,208.90,6.50
"3587","閎康",24.18,132.18,168.48,160.26,3907.23,3.21,113.70,"NA","NA",1.20,0.69,11.37,14.17,52.29,15.86,3.85,100.83,84.52,8.62
"3594","磐儀",43.44,530.53,199.36,138.32,623.96,2.62,139.31,1.49,244.96,6.33,0.76,2.70,3.98,8.64,3.02,0.81,-28.36,-46.69,-24.82
"3597","映興",48.36,307.14,190.97,156.23,10.75,3.41,107.03,5.34,68.35,3.99,0.81,3.41,5.84,10.26,15.37,0.85,16.05,242.03,3.91
"3609","三一東林",44.77,182.95,134.09,99.73,-19.51,6.21,58.77,3.25,112.30,2.24,0.73,-7.95,-14.43,-28.35,-11.28,-2.95,0.00,80.21,0.00
"3611","鼎翰",52.97,519.96,354.40,305.87,128.05,6.87,53.12,3.95,92.40,4.65,0.82,18.01,32.91,200.98,21.70,15.14,75.53,"NA",6.78
"3615","安可",16.13,163.23,420.35,395.32,4.36,2.91,125.42,10.75,33.95,0.41,0.24,1.08,1.02,3.69,3.64,0.38,51.61,48.93,3.01
"3623","富晶通",41.68,555.05,212.13,196.52,"NA",7.52,48.53,8.48,43.04,7.99,0.84,16.54,24.78,50.00,19.84,3.37,49.09,258.26,4.88
"3624","光頡",26.44,194.23,250.18,173.08,20.71,3.98,91.70,2.50,146.00,1.21,0.45,4.59,6.02,15.47,9.66,1.28,49.63,65.73,9.24
"3625","西勝",61.20,329.01,172.74,76.30,1.19,5.56,65.64,1.26,289.68,3.79,0.63,1.13,0.49,0.42,0.30,0.05,-2.59,-71.68,-1.59
"3628","盈正",40.95,223.13,182.43,95.55,79.99,4.39,83.14,2.03,179.80,3.48,0.93,6.13,10.20,49.27,6.45,3.92,21.81,"NA",2.92
"3629","地心引力",61.60,155.11,133.04,97.02,-25.42,3.19,114.42,2.13,171.36,1.35,0.43,35.47,-102.70,-62.44,-79.99,-7.55,39.89,10.10,7.47
"3630","新鉅科",43.16,115.54,106.57,96.71,-34.81,4.29,85.08,11.15,32.73,13.28,0.25,-16.50,-27.04,-69.90,-72.34,-7.04,-7.93,49.25,-2.81
"3631","晟楠",38.39,286.02,237.16,197.12,-32.19,4.77,76.51,1.75,208.57,1.44,0.31,-14.64,-26.34,-10.62,-58.27,-4.59,25.07,"NA",10.66
"3632","研勤",58.05,341.78,275.27,164.01,6.51,6.10,59.83,5.75,63.47,4.98,1.31,5.71,11.50,23.24,3.65,1.57,-22.38,9.56,-7.02
"3646","艾恩特",25.26,636.27,340.56,250.35,8.57,5.26,69.39,2.92,125.00,5.60,0.88,0.78,0.92,1.79,0.81,0.12,35.38,89.38,2.50
"3663","鑫科",36.52,198.11,153.24,96.80,-10.55,7.45,48.99,7.58,48.15,4.24,1.28,-10.22,-18.55,-29.33,-8.59,-2.60,60.81,61.15,19.02
"3664","安瑞-KY",23.16,4642.15,517.32,490.92,0.00,2.44,149.59,2.40,152.08,20.03,0.45,2.68,3.61,-17.78,5.91,0.61,0.00,104.13,0.00
"3666","光耀",29.79,334.77,262.97,229.23,10.92,2.00,182.50,7.49,48.73,4.17,0.83,1.77,2.22,6.54,1.91,0.46,58.00,108.50,6.02
"3672","康聯訊",22.74,387.48,332.83,261.85,416.57,13.31,27.42,4.70,77.65,8.23,1.41,15.94,21.98,40.98,11.26,3.22,56.55,120.98,4.69
"3675","德微",17.32,233.32,353.32,304.33,183.78,4.44,82.20,7.55,48.34,2.62,0.93,8.31,10.28,24.64,8.69,2.10,117.02,99.37,17.89
"3680","家登",65.84,122.78,93.54,45.82,1.68,10.55,34.59,4.72,77.33,1.64,0.82,0.75,0.62,1.40,0.35,0.17,-1.69,12.58,-1.64
"3684","榮昌",31.60,551.26,274.50,253.34,5919.95,4.78,76.35,15.50,23.54,9.40,1.19,18.70,27.44,60.76,15.73,5.11,66.78,143.82,13.41
"3685","元創精密",23.08,178.77,315.17,272.37,-44.57,2.24,162.94,7.07,51.62,1.06,0.40,-17.05,-23.13,-25.42,-38.66,-2.94,33.31,45.62,5.06
"3687","歐買尬",30.34,3485.00,304.64,302.35,-35189.84,24.32,15.00,466.51,0.78,15.98,0.31,-4.54,-6.34,-33.23,-13.21,-3.61,-19.69,-119.95,-7.67
"3689","湧德",41.20,272.16,171.77,85.80,19.81,3.91,93.35,2.56,142.57,4.62,0.99,3.71,6.06,34.09,3.66,2.52,6.63,49.76,-5.13
"3691","碩禾",55.02,364.85,223.60,173.08,27.31,3.56,102.52,5.75,63.47,6.48,1.26,20.03,40.50,489.94,15.25,39.65,12.51,17.97,-2.39
"3693","營邦",38.24,405.62,365.84,268.41,95.12,9.69,37.66,4.48,81.47,9.02,1.66,11.37,19.08,110.32,6.77,8.87,21.10,76.43,0.00
"3707","漢磊",46.30,145.33,136.71,90.50,-37.25,4.75,76.84,4.11,88.80,2.10,0.75,-12.66,-21.33,-33.31,-17.19,-3.39,-14.37,373.22,-2.15
"4102","永日",19.51,166.17,264.62,144.07,0.00,4.64,78.66,2.38,153.36,0.96,0.49,-4.17,-5.07,-6.45,-8.71,-0.65,6.06,41.48,0.00
"4105","東洋",35.32,293.43,207.89,180.00,61.15,3.67,99.45,2.00,182.50,1.39,0.39,15.67,24.14,61.36,39.01,4.87,30.90,56.94,0.27
"4107","邦特",24.21,212.32,293.05,261.33,113.26,6.39,57.12,5.01,72.85,1.35,0.52,13.14,16.71,57.95,25.07,4.07,77.01,103.67,8.02
"4109","加捷生醫",37.73,130.19,130.63,88.02,934.51,11.44,31.90,2.89,126.29,1.24,0.55,3.06,3.90,8.67,4.74,0.51,24.36,20.49,5.48
"4111","濟生",31.11,144.24,166.70,137.26,114.08,3.67,99.45,7.69,47.46,1.16,0.65,2.73,3.93,9.86,4.19,0.68,31.44,97.24,4.34
"4113","聯上",47.71,1219.01,208.50,11.46,5.06,97.07,3.76,0.10,3650.00,0.65,0.03,4.64,7.78,13.95,28.96,1.37,0.00,0.00,-3.52
"4114","健喬",34.37,141.14,173.88,109.44,81.99,3.76,97.07,2.36,154.66,0.79,0.38,-0.23,-1.21,-0.24,-1.59,0.25,4.43,15.69,0.15
"4116","明基醫",26.89,195.98,227.02,186.06,143.52,5.21,70.05,4.99,73.14,2.01,0.78,9.66,13.94,29.18,12.26,3.06,24.44,86.96,3.77
"4120","友華",38.18,238.94,213.20,144.74,1833.20,7.33,49.79,2.82,129.43,2.96,0.93,2.75,4.00,23.64,2.77,2.57,47.06,73.08,10.84
"4121","優盛",45.63,264.73,238.29,144.44,-4.90,22.62,16.13,3.70,98.64,4.88,1.36,-2.65,-5.30,-9.07,-2.22,-0.38,14.80,8.04,5.14
"4123","晟德",46.68,443.32,183.74,144.78,3.95,10.30,35.43,2.75,132.72,2.62,0.36,3.17,3.99,22.45,6.41,1.78,-1.73,-2.25,-0.95
"4126","太醫",24.44,160.28,282.15,203.14,481.12,9.46,38.58,4.35,83.90,1.35,0.66,14.31,18.18,63.93,21.66,5.32,83.14,88.26,6.73
"4127","天良",44.55,127.48,95.98,66.21,701.07,8.97,40.69,2.49,146.58,1.10,0.57,3.90,5.96,13.87,5.84,1.07,24.42,154.26,7.67
"4128","中天",9.05,782.20,564.60,534.26,-35.82,35.92,10.16,3.92,93.11,1.31,0.16,-2.75,-3.06,-6.09,-18.16,-0.46,-19.70,-22.30,-1.70
"4129","聯合",31.62,295.13,291.16,209.92,16.39,7.22,50.55,0.78,467.94,1.95,0.61,6.29,9.61,9.34,9.60,2.29,39.50,36.23,8.36
"4130","健亞",15.61,569.95,924.91,829.73,10.64,5.27,69.25,2.46,148.37,1.18,0.23,2.49,2.79,5.76,9.73,0.46,31.15,111.55,-1.04
"4131","浩泰",3.00,193.00,1555.00,278.00,-1500.00,3.46,105.49,1.72,212.20,0.26,0.13,-7.40,-9.90,-4.50,-77.00,-0.45,1223.00,-606.00,16.92
"4138","曜亞",34.28,2425.45,377.43,308.70,36.00,6.22,58.68,2.95,123.72,18.61,0.61,6.89,9.83,52.54,9.86,4.05,47.64,132.56,5.43
"4139","馬光-KY",51.60,230.18,130.04,106.99,-7.61,4.89,74.64,14.12,25.84,2.99,0.77,-6.90,-10.92,-24.45,-6.10,-1.70,-24.90,-38.45,-11.67
"4147","中裕",0.54,30633.35,17181.43,17179.19,"NA","NA","NA","NA","NA",9999999.99,9999999.99,-13.86,-14.02,-19.07,9999999.99,-2.16,-1675.67,"NA","NA"
"4153","鈺緯",39.49,527.25,304.54,239.25,25.33,5.60,65.17,4.16,87.74,5.31,0.78,12.11,19.84,46.53,11.19,4.02,49.32,134.54,9.79
"4154","樂威科-KY",30.92,334.19,255.82,163.36,-1758.84,3.84,95.05,2.37,154.00,6.57,1.38,-6.07,-8.54,-10.55,-4.56,-1.13,-25.76,"NA",-17.21
"4157","太景*-KY",24.90,4192.07,419.34,415.74,0.00,18.44,19.79,18.20,20.05,6.40,0.09,-47.92,-63.84,-93.52,-529.45,-0.59,0.00,0.00,0.00
"4160","訊聯基因",18.10,2537.01,456.58,374.27,0.00,6.26,58.30,5.46,66.84,23.99,0.74,-3.45,-4.04,-3.93,-4.67,-0.54,-31.33,-204.81,-6.76
"4161","聿新科",28.02,224.97,247.70,215.15,12.28,2.83,128.97,2.65,137.73,1.14,0.35,2.29,2.85,7.80,5.81,0.53,15.11,30.69,0.32
"4162","智擎",2.45,26367.23,4786.75,4786.75,"NA",103.53,3.52,"NA","NA",81.93,0.16,12.75,12.95,39.91,77.68,3.87,675.30,"NA",11.11
"4163","鐿鈦",40.16,166.08,154.66,84.90,41.55,10.58,34.49,2.04,178.92,2.18,0.83,13.30,22.04,89.47,15.60,7.31,33.63,77.44,17.30
"4167","松瑞藥",50.95,111.98,123.47,54.35,"NA",4.72,77.33,1.83,199.45,0.55,0.35,-14.71,-34.23,-23.54,-44.06,-2.62,"NA","NA","NA"
"4168","醣聯",3.17,231.18,2418.77,2408.99,-8972.33,2.28,160.08,"NA","NA",0.01,0.00,-3.43,-3.64,-9.81,-1107.54,-1.02,53.57,"NA",2.44
"4171","瑞基",33.70,201.22,273.10,234.90,-6.79,11.08,32.94,1.25,292.00,0.66,0.28,-4.16,-7.07,-7.17,-16.64,-0.72,-6.18,-21.00,-1.00
"4173","久裕",82.38,3140.09,116.96,113.27,3.02,3.25,112.30,5.35,68.22,32.59,0.22,0.72,2.33,10.32,1.86,0.56,4.14,211.19,14.17
"4174","浩鼎",1.74,9587.09,1856.85,1823.31,"*****","*****","*****","*****","*****",0.00,0.00,-21.40,-21.82,-55.05,"*****",-5.66,-293.06,-1369.54,-14.82
"4175","杏一",62.16,205.94,148.20,75.23,47.99,85.29,4.27,4.82,75.72,8.46,2.23,7.11,18.59,59.52,3.12,4.83,17.36,"NA",5.13
"4183","福永生技",34.41,365.98,299.95,246.58,34.03,6.46,56.50,6.82,53.51,5.64,1.28,11.46,18.08,20.50,8.68,1.77,70.19,95.83,18.56
"4188","安克",2.04,18119.06,3870.61,3836.96,"*****",1.89,193.12,"*****","*****",0.07,0.00,-19.25,-19.75,-15.11,-43730.50,-1.55,-784.31,-12458.68,-16.23
"4192","杏國",17.96,5384.78,1042.90,995.08,"NA",11.00,33.18,0.59,618.64,0.73,0.01,-17.67,-20.94,-31.21,-1178.09,-3.12,-344.86,-306.08,-15.63
"4198","欣大健康",21.61,644.64,599.47,434.14,-298.21,3.95,92.40,1.45,251.72,2.71,0.28,-25.60,-31.65,-41.02,-90.56,-4.00,-297.04,-466.77,-29.52
"4205","中華食",18.00,190.00,386.00,364.00,158.00,9.36,38.99,21.42,17.04,2.14,0.90,12.62,15.24,30.53,13.96,2.51,88.62,131.89,4.88
"4207","環泰",46.45,156.64,151.69,107.70,2.54,4.66,78.32,6.15,59.34,1.75,0.78,1.23,1.12,2.52,0.81,0.06,18.34,74.01,7.77
"4303","信立",26.04,182.39,284.26,190.91,31.52,8.97,40.69,3.89,93.83,1.49,0.61,5.48,7.38,8.44,8.65,0.78,51.99,259.29,4.31
"4304","勝昱",47.27,196.66,114.60,63.10,-9.82,2.83,128.97,4.35,83.90,1.70,0.54,-9.79,-20.59,-15.75,-19.51,-1.63,0.00,23.41,-8.46
"4305","世坤",15.76,316.53,528.25,475.93,99002.50,6.03,60.53,11.14,32.76,4.06,1.13,14.68,17.65,35.99,13.01,2.96,132.43,172.64,6.81
"4401","東隆興",46.23,134.08,145.86,60.01,34.44,13.17,27.71,3.46,105.49,1.96,0.98,12.51,22.53,57.40,12.13,4.55,51.62,72.08,6.72
"4402","郡都開發",88.38,17.40,83.71,70.79,-6.78,5.90,61.86,12.87,28.36,1.05,0.72,-15.21,-87.00,-46.62,-23.73,-4.49,-19.35,-588.39,-4.80
"4406","新昕纖",19.30,211.21,881.27,575.45,74.78,6.53,55.89,6.61,55.21,2.73,1.08,0.18,0.22,-3.19,0.17,0.02,70.63,30.13,2.81
"4413","飛寶企業",35.81,2210.02,480.11,467.10,"NA",8.57,42.59,356.49,1.02,116.98,3.40,10.36,20.14,3.59,3.43,0.36,-359.47,-24.39,-29.28
"4416","三圓",42.24,148978.52,236.88,47.72,18.32,185.17,1.97,0.20,1825.00,407.00,0.24,13.55,24.27,166.07,51.70,16.28,55.20,72.71,11.97
"4417","金洲",38.61,194.35,186.04,119.62,36.76,5.45,66.97,2.70,135.18,2.29,0.81,9.15,14.83,49.24,11.01,3.44,33.66,118.42,9.69
"4419","皇家美食",62.18,423.41,262.67,181.87,-2209.85,4.36,83.71,1.08,337.96,0.91,0.31,-34.85,-74.98,-33.33,-117.45,-3.37,0.00,0.00,0.00
"4420","光明",43.41,203.93,391.43,230.53,96.79,8.63,42.29,6.25,58.40,1.59,0.81,13.27,19.17,34.89,16.24,3.33,-96.49,15.89,-9.49
"4430","耀億",31.80,146.98,162.26,97.31,16.49,5.75,63.47,2.56,142.57,1.31,0.66,4.64,6.55,28.82,6.58,2.25,26.21,69.20,4.65
"4432","銘旺實",23.71,464.76,362.10,223.87,"NA",5.78,63.14,4.33,84.29,8.46,1.25,13.76,17.79,64.61,10.99,5.14,33.37,50.24,0.00
"4433","興采",37.45,198.37,194.47,116.91,48.90,22.63,16.12,3.55,102.81,3.99,1.35,6.55,10.24,29.21,4.71,2.32,27.50,79.56,8.22
"4502","健信",76.87,62.37,62.25,46.03,1.04,7.45,48.99,8.95,40.78,1.66,1.00,2.43,1.16,1.30,0.28,0.25,2.81,52.48,1.57
"4503","金雨",38.87,155.76,167.47,96.62,-47.00,3.89,93.83,2.75,132.72,1.09,0.53,-0.29,-1.21,-0.64,-1.25,-0.07,-23.26,-263.65,-4.39
"4506","崇友",49.38,396.43,169.73,129.10,175.76,3.29,110.94,3.20,114.06,3.65,0.62,7.47,14.45,29.85,11.98,2.47,32.23,139.99,10.12
"4510","高鋒",47.88,189.12,205.63,132.82,7.16,3.69,98.91,2.16,168.98,1.41,0.52,3.64,6.05,13.65,5.96,1.12,5.62,27.18,"NA"
"4513","福裕",61.24,311.30,214.78,75.06,558.27,4.72,77.33,1.14,320.17,3.29,0.75,5.06,12.48,18.16,6.07,1.75,7.26,15.81,2.76
"4523","永彰",32.42,301.39,155.84,107.42,1.33,4.46,81.83,3.10,117.74,2.34,0.56,0.10,-0.07,0.26,-0.09,-0.02,30.67,86.30,10.36
"4527","方方土霖",37.00,288.00,233.00,171.00,57.00,3.40,107.35,4.30,84.88,4.50,1.00,9.00,14.00,31.00,8.00,2.43,29.00,118.00,3.00
"4528","江興鍛",46.98,122.92,113.78,92.01,37.24,5.32,68.60,8.59,42.49,1.34,0.73,9.19,16.91,48.52,12.21,3.56,28.94,63.14,5.62
"4529","淳紳",10.03,632.61,8.04,6.66,-18.35,"*****","*****","*****","*****",0.04,0.01,-6.93,-8.41,-30.51,-769.36,-2.23,-31.89,8.67,-31.20
"4530","宏易",37.68,456.80,261.63,244.52,-11.87,3.31,110.27,52.69,6.92,0.66,0.16,-17.35,-29.71,-17.29,-116.07,-1.85,-21.64,-151.55,-5.54
"4533","協易機",54.12,182.62,152.63,99.38,9.70,3.07,118.89,2.47,147.77,1.95,0.63,1.86,3.35,8.00,2.57,0.57,27.21,114.09,15.80
"4534","慶騰",45.72,148.77,138.56,94.39,8.29,2.77,131.76,2.76,132.24,1.69,0.69,3.09,4.82,6.48,3.94,0.59,20.41,48.40,5.52
"4535","至興",22.66,173.45,230.02,168.01,38.43,4.58,79.69,6.71,54.39,2.19,1.00,8.52,11.16,44.21,8.28,3.32,63.73,91.24,5.90
"4538","大詠城",25.72,131.98,375.73,298.50,4.67,3.37,108.30,6.39,57.12,0.78,0.54,4.17,4.56,6.01,6.15,0.54,199.24,138.54,10.47
"4541","晟田",51.98,92.79,82.64,55.26,569.50,4.56,80.04,4.35,83.90,0.56,0.38,2.68,4.34,12.94,5.35,1.05,22.12,47.75,5.12
"4542","科嶠",25.15,442.67,411.15,340.78,-10.06,2.12,172.16,1.84,198.36,3.57,0.65,-1.13,-1.79,-3.19,-2.21,-0.39,8.15,120.15,-10.49
"4543","萬在",29.46,163.64,183.84,115.73,29.13,4.71,77.49,2.84,128.52,1.45,0.62,5.55,7.90,26.84,8.51,2.06,21.42,128.89,2.80
"4549","桓達",15.03,286.08,597.45,482.89,789.83,4.53,80.57,1.59,229.55,2.06,0.58,9.18,10.82,43.30,15.92,3.50,136.16,142.98,8.38
"4550","長佳",57.25,473.30,144.91,71.91,166.17,3.58,101.95,0.46,793.47,8.70,0.95,3.31,7.14,16.70,3.46,1.34,-5.02,-4.87,-15.39
"4554","橙的",38.69,821.96,225.79,156.23,7704.71,5.85,62.39,2.68,136.19,14.65,1.20,9.18,14.45,29.32,7.63,2.32,29.82,117.29,14.61
"4556","旭然",29.69,187.77,255.54,190.17,63.06,4.19,87.11,1.40,260.71,1.39,0.52,3.79,5.00,7.87,7.11,0.89,29.00,65.22,8.11
"4558","寶緯",62.13,123.28,111.59,82.53,480.73,3.57,102.24,6.44,56.67,2.34,0.90,3.81,8.36,12.16,3.30,0.97,13.77,42.49,9.32
"4609","唐鋒",46.98,239.22,170.42,116.44,-4.98,22.00,16.59,4.42,82.57,5.00,1.18,-1.85,-4.10,-3.80,-1.80,-0.40,-10.09,-8.37,-3.28
"4702","中美實",25.87,3398.58,90.50,52.18,5.49,2.59,140.92,2.61,139.84,11.57,0.26,2.17,2.54,4.45,6.93,0.36,15.20,-8.93,4.40
"4706","大恭",23.40,540.96,439.10,275.77,71.83,3.78,96.56,2.18,167.43,5.41,0.84,6.14,7.98,16.75,7.16,1.35,60.18,111.61,4.25
"4707","磐亞",44.18,"NA",32.88,"NA","NA","NA","NA","NA","NA",1.48,0.31,3.73,5.61,9.61,10.27,0.94,"NA","NA","NA"
"4711","永純",21.67,280.27,402.14,272.16,2302.66,5.13,71.15,2.93,124.57,2.93,0.85,3.22,4.02,8.68,3.68,0.72,83.63,356.41,9.43
"4714","永捷",27.03,410.39,219.39,153.68,3.71,4.13,88.37,3.84,95.05,3.19,0.58,1.85,1.94,3.20,2.31,0.27,13.42,116.87,1.83
"4716","大立",22.48,241.64,453.28,364.68,252.09,3.59,101.67,5.87,62.18,2.96,0.94,3.59,4.75,7.06,3.80,0.57,60.08,0.00,7.43
"4721","美琪瑪",34.67,268.57,208.67,153.51,28.18,8.53,42.79,7.45,48.99,4.73,1.20,7.10,10.55,10.03,5.75,1.55,29.32,107.39,3.66
"4726","永昕",4.22,728.82,2019.14,1947.43,"NA",4.23,86.28,4.89,74.64,0.71,0.08,-6.87,-7.17,-9.88,-82.22,-1.01,-105.32,-144.25,-3.51
"4728","雙美",7.36,650.16,2336.78,2188.42,"NA",8.28,44.08,1.50,243.33,1.25,0.17,-6.76,-7.26,-7.56,-39.57,-0.81,-110.66,91.56,-8.98
"4729","熒茂",62.27,205.18,117.77,87.19,1.49,2.69,135.68,7.55,48.34,1.86,0.73,2.49,2.40,6.55,1.11,0.09,23.88,6.01,7.24
"4735","豪展",45.73,276.11,180.73,125.74,2835.13,4.62,79.00,5.12,71.28,6.35,1.35,8.34,16.05,24.96,5.81,1.97,29.28,-31.71,14.27
"4741","泓瀚",39.02,152.81,193.09,160.50,42.22,4.89,74.64,6.02,60.63,1.44,0.68,12.39,19.15,54.23,17.92,4.79,55.94,75.69,4.28
"4743","合一",1.48,11824.93,7285.28,7073.24,"*****",9.16,39.84,0.18,2027.77,0.44,0.00,-3.85,-3.95,-4.80,-1186.29,-0.50,-561.12,-223.14,-5.55
"4744","皇將",62.71,148.25,122.65,76.61,9.92,6.76,53.99,1.68,217.26,3.08,1.02,4.82,12.70,20.21,4.23,1.56,13.01,73.10,10.51
"4745","合富-KY",51.83,520.41,160.73,135.17,2785.41,2.19,166.66,13.23,27.58,9.70,1.04,11.40,21.72,73.01,10.60,6.04,-10.87,36.33,-14.62
"4747","強生製藥",10.46,395.51,829.08,684.42,0.00,4.64,78.66,1.76,207.38,1.76,0.46,7.44,8.53,24.90,16.34,2.10,58.02,80.69,-2.35
"4754","國碳科",46.72,1605.73,211.24,146.49,1890.17,8.22,44.40,2.34,155.98,30.94,1.16,11.50,20.55,31.50,9.88,2.60,52.67,205.34,29.29
"4760","勤凱科技",45.86,161.15,148.40,102.89,4.67,2.67,136.70,4.18,87.32,2.24,0.86,4.03,6.19,10.02,3.81,0.80,41.81,8.59,20.80
"4804","大略-KY",36.78,153.04,156.38,138.89,9799.29,535.76,0.68,70.99,5.14,2.45,1.23,15.30,24.13,69.20,12.33,5.09,88.53,81.88,28.70
"4806","桂田文創",33.33,557.15,403.45,136.11,15.57,9.76,37.39,2.28,160.08,1.40,0.29,6.74,9.29,36.85,21.16,3.01,-75.82,-14.33,-24.78
"4903","聯光通",22.70,645.50,361.96,331.42,417.95,6.24,58.49,16.63,21.94,9.13,1.07,3.71,5.13,7.95,3.46,0.31,76.48,164.97,14.37
"4905","台聯電",1.27,3334.12,1161.43,1076.64,16379.31,5.90,61.86,0.74,493.24,0.89,0.04,3.61,3.69,24.12,101.92,2.41,0.00,86.06,-3.37
"4907","富宇",79.63,"NA",124.85,14.78,"NA",358.30,1.01,20.22,18.05,123610.71,23.10,4.88,24.16,15.44,21.11,1.55,"NA","NA","NA"
"4908","前鼎",10.30,341.35,696.81,529.48,"*****",7.17,50.90,2.76,132.24,2.87,0.79,4.18,4.78,9.01,5.56,0.76,80.83,119.32,-1.77
"4909","新復興",19.46,701.64,630.38,591.13,2127.66,3.03,120.46,9.57,38.14,3.89,0.51,7.72,9.54,33.26,15.21,2.60,39.38,124.24,-1.12
"4911","德英",8.32,247.25,522.63,483.42,"NA",1.62,225.30,0.93,392.47,0.22,0.06,-1.35,-1.43,-2.32,-21.96,-0.21,-44.35,"NA",-4.55
"4923","力士",27.45,3113.62,410.70,279.41,3067.41,3.66,99.72,3.80,96.05,54.32,1.26,4.44,6.11,9.92,3.53,0.82,10.29,118.05,-2.21
"4924","欣厚-KY",33.93,220.36,200.77,150.98,-1445.00,3.42,106.72,6.62,55.13,2.30,0.80,-8.81,-14.70,-16.90,-11.48,-1.78,34.92,58.90,6.23
"4933","友輝",38.32,253.89,193.61,162.65,1521.00,4.21,86.69,5.09,71.70,3.41,0.88,4.02,6.03,26.38,4.29,2.24,21.59,104.56,6.04
"4939","亞電",47.40,280.03,153.77,132.23,-6.11,1.24,294.35,3.92,93.11,3.35,0.58,-5.87,-12.94,-20.33,-11.66,-1.85,23.02,25.73,10.45
"4946","辣椒",56.00,982.28,90.95,84.41,-94.85,5.56,65.64,1208.77,0.30,9.07,0.49,-44.09,-78.72,-157.62,-90.54,-16.01,-7.50,30.15,-5.18
"4950","金耘國際",48.15,1264.51,172.15,161.19,3.29,3.99,91.47,3.62,100.82,3.76,0.14,0.99,1.08,6.09,3.91,0.25,-1.23,25.75,-3.38
"4951","精拓科",9.97,507.72,614.20,548.69,"NA",6.16,59.25,2.24,162.94,2.58,0.45,3.01,3.30,5.93,6.63,0.72,76.25,64.14,4.99
"4953","緯軟",45.64,2544.45,238.21,236.08,8356.76,3.83,95.30,"NA","NA",47.96,1.37,0.86,1.52,4.18,0.62,0.37,14.95,1134.38,9.71
"4966","譜瑞-KY",21.60,4076.65,281.86,247.39,0.00,6.15,59.34,7.86,46.43,51.28,0.97,15.49,19.26,162.84,15.91,15.00,92.58,294.02,19.12
"4971","IET-KY",5.16,254.16,1100.88,911.26,9.33,9.96,36.64,3.50,104.28,1.47,0.55,8.39,9.07,33.20,13.15,3.49,323.32,"NA",9.28
"4972","湯石照明",19.51,383.10,368.66,295.51,"NA",6.55,55.72,4.23,86.28,4.04,0.91,10.12,12.69,47.78,11.07,3.80,89.45,218.67,10.52
"4973","廣穎電通",35.68,452.89,198.31,138.15,15.39,8.27,44.13,5.78,63.14,15.93,2.06,2.06,3.22,10.98,0.93,0.80,89.13,87.90,51.26
"4974","亞泰",37.68,421.82,390.42,312.92,36.51,6.69,54.55,6.06,60.23,7.62,1.28,9.12,14.94,51.83,6.94,4.02,55.27,104.53,4.46
"4979","華星光",49.67,224.23,218.01,165.41,67.00,3.82,95.54,5.03,72.56,3.69,1.24,16.32,31.41,88.55,12.97,7.36,58.29,45.47,13.94
"4987","科誠",28.69,264.29,378.79,218.93,85.76,7.22,50.55,2.17,168.20,2.80,0.87,13.88,20.34,88.46,15.70,6.81,69.05,"NA",2.27
"4991","環宇-KY",38.06,489.30,535.82,435.51,13.48,8.26,44.18,2.65,137.73,5.08,0.81,14.57,19.34,50.54,16.64,4.47,114.48,83.33,11.93
"4995","晶達",48.72,1171.10,545.06,448.41,"*****",8.67,42.09,2.71,134.68,11.12,0.96,11.52,18.67,33.91,11.95,2.81,119.13,97.66,10.66
"5009","榮剛",45.23,127.78,164.98,78.51,6.17,4.85,75.25,2.29,159.38,0.96,0.56,3.85,6.20,17.90,5.65,1.57,73.20,93.44,11.86
"5011","久陽",55.92,120.56,112.37,35.35,9.41,14.97,24.38,3.09,118.12,2.92,1.08,3.01,5.43,6.94,2.55,0.73,-0.07,37.79,-5.68
"5013","強新",46.64,177.33,212.78,124.59,10.24,4.36,83.71,4.53,80.57,2.90,1.10,5.81,10.21,29.39,4.74,1.81,47.07,83.41,12.41
"5014","建錩",67.05,161.35,108.46,42.74,-1.07,12.07,30.24,6.25,58.40,9.66,2.04,-2.63,-11.81,-16.05,-2.10,-1.19,21.59,-2.69,23.49
"5015","華祺",34.95,349.71,259.61,131.86,33.68,7.44,49.05,2.90,125.86,6.10,1.28,9.39,13.71,28.37,7.11,2.43,33.88,159.00,0.00
"5016","松和",56.53,187.13,231.02,120.07,7.47,4.12,88.59,2.97,122.89,2.15,0.88,3.68,7.59,21.44,3.77,1.70,36.39,113.63,4.25
"5201","凱衛",19.97,1880.39,425.88,223.18,4310.89,5.13,71.15,17.75,20.56,13.86,0.59,8.48,10.65,12.56,14.33,1.26,16.15,108.90,-5.35
"5202","力新",8.48,2970.75,1014.80,977.58,8444.00,5.48,66.60,6.30,57.93,16.32,0.50,4.04,4.49,4.28,7.85,0.38,-43.56,96.27,-3.60
"5205","中茂",7.73,5977.69,930.83,829.21,"NA",2.88,126.73,1.76,207.38,1.40,0.04,-17.86,-19.27,-6.05,-498.21,-0.60,"NA","NA","NA"
"5206","坤悅",52.08,19385.95,191.41,37.53,9.59,26.43,13.81,0.33,1106.06,276.91,0.41,9.95,21.25,33.35,24.14,2.75,1.48,0.00,1.61
"5209","新鼎",55.91,729.13,168.18,165.00,0.00,2.70,135.18,12.32,29.62,19.79,1.20,6.63,15.57,41.99,5.52,3.40,0.00,63.99,0.00
"5210","寶碩",17.58,350.92,449.55,445.34,0.00,4.94,73.88,4.80,76.04,1.40,0.32,0.37,0.22,0.31,0.55,0.03,0.00,0.00,0.00
"5211","蒙恬",11.78,309.53,873.14,730.20,"NA",7.12,51.26,1.69,215.97,1.45,0.43,3.26,3.73,7.61,7.54,0.63,64.69,88.43,0.36
"5212","凌網",36.95,498.08,265.86,263.42,30.29,2.36,154.66,171.50,2.12,7.31,1.10,5.39,8.17,10.88,4.74,0.89,28.44,81.11,9.48
"5213","亞昕",69.82,829.63,157.44,20.52,5.41,24.87,14.67,0.15,2433.33,2.49,0.18,4.41,12.33,29.71,19.82,2.40,6.95,-17.08,8.45
"5220","萬達光電",42.81,298.67,206.99,175.39,44.73,5.45,66.97,7.79,46.85,5.24,1.21,10.69,17.91,28.44,8.62,2.24,48.62,303.17,10.75
"5227","立凱-KY",23.20,185.00,258.03,210.66,-31.87,3.22,113.35,1.88,194.14,0.88,0.40,-15.35,-23.30,-26.18,-39.35,-2.65,45.80,9.77,7.57
"5228","鈺鎧",61.25,140.23,257.86,128.60,8.70,4.31,84.68,2.26,161.50,0.60,0.38,9.23,24.25,41.40,21.84,3.92,4.20,9.83,0.45
"5230","雷笛克光學",44.51,110.68,113.40,88.33,9.44,3.85,94.80,4.63,78.83,0.90,0.56,5.31,8.93,29.20,8.48,2.60,27.35,48.46,7.07
"5245","智晶",35.63,312.12,204.12,153.13,86557.14,10.36,35.23,5.75,63.47,5.71,1.43,16.17,24.35,43.38,11.27,3.89,92.71,160.51,23.51
"5251","天鉞電",21.87,365.97,382.84,287.06,7053.75,5.64,64.71,3.55,102.81,4.78,0.71,7.29,9.49,27.52,10.31,2.40,33.52,83.45,-7.08
"5263","智崴",20.80,463.42,413.34,361.30,31358.11,4.05,90.12,"NA","NA",1.36,0.23,3.89,4.82,34.07,16.98,2.57,-52.84,24.42,-14.91
"5272","笙科",10.35,565.60,646.72,512.31,"NA",8.27,44.13,1.98,184.34,4.24,0.64,6.00,6.68,13.24,9.31,1.13,93.35,101.81,-2.98
"5274","信驊",12.57,2357.22,750.70,720.09,587.72,5.30,68.86,9.85,37.05,34.66,0.88,30.26,35.48,122.87,34.24,10.79,262.76,146.72,20.26
"5276","達輝-KY",20.87,544.77,419.55,292.62,"NA",4.25,85.88,5.04,72.42,6.93,0.91,9.38,11.92,30.84,10.36,2.09,68.13,72.06,4.50
"5278","尚凡*",23.96,3746.41,339.03,337.63,-1319.28,7.40,49.32,"NA","NA",37.03,0.85,-24.85,-30.87,-55.98,-29.21,-5.68,-79.54,130.38,-27.22
"5287","數字",17.55,265.21,339.34,317.42,299319.50,15.89,22.97,3.39,107.66,3.54,0.62,22.82,27.68,146.18,36.72,12.16,150.24,108.17,10.10
"5289","宜鼎",33.90,304.74,353.49,254.36,17354.18,8.07,45.22,4.37,83.52,4.70,1.42,18.20,25.42,107.05,12.78,9.02,79.63,62.48,9.17
"5291","邑昇",41.96,219.49,216.55,193.50,814.98,1.71,213.45,11.14,32.76,2.79,0.85,1.06,1.60,4.88,1.11,0.34,51.76,159.89,13.46
"5299","杰力",22.05,315.42,423.81,320.63,3.50,5.44,67.09,3.87,94.31,3.41,0.89,0.31,0.30,0.57,0.27,0.04,-30.87,102.64,-10.50
"5301","寶得利",24.13,282.46,301.80,111.91,8.50,23.16,15.75,1.49,244.96,4.17,1.21,3.30,4.10,5.42,2.45,0.58,-57.64,-60.96,-17.52
"5302","太欣",20.75,538.45,60.23,42.59,-6.22,16.31,22.37,3.45,105.79,0.61,0.10,-1.79,-2.64,-2.76,-20.94,-0.21,-11.34,-5.53,-1.60
"5309","系統電",40.77,416.06,193.60,142.40,3515.24,3.23,113.00,2.36,154.66,2.60,0.41,15.57,29.59,33.64,35.50,3.01,-13.74,-59.36,-7.73
"5310","天剛",40.52,138504.27,439.05,276.98,4.81,13.64,26.75,3.61,101.10,2.65,0.58,2.54,3.35,5.52,3.39,0.42,148.15,44.75,20.36
"5312","寶島科",45.31,332.46,108.07,40.33,391.64,446.97,0.81,1.91,191.09,4.27,0.69,10.19,16.98,76.36,14.69,6.22,29.69,56.25,2.12
"5314","世紀",19.29,525.03,303.77,198.43,"NA",6.27,58.21,0.88,414.77,2.24,0.34,-12.80,-15.03,-10.51,-37.96,-1.07,4.60,557.94,1.04
"5315","光聯",33.71,543.67,290.32,233.63,203.98,7.27,50.20,5.14,71.01,11.38,1.68,23.07,39.57,34.03,13.60,3.40,104.06,306.62,19.01
"5321","美而快",61.64,242.72,111.52,76.69,17.70,2.39,152.71,10.02,36.42,8.67,1.19,3.43,9.63,16.16,2.67,1.02,35.15,"NA",22.54
"5324","士開",65.07,2031.68,207.03,75.97,-11.20,14.04,25.99,0.03,12166.66,1.59,0.06,-8.89,-26.78,-21.71,-163.01,-2.87,0.00,104.07,0.00
"5328","華容",23.51,618.36,314.37,279.36,12.59,2.33,156.65,4.46,81.83,2.66,0.45,3.38,4.18,4.06,6.96,0.41,18.02,146.25,4.32
"5340","建榮",31.30,136.62,164.41,87.04,-9.44,4.02,90.79,2.35,155.31,0.95,0.50,-3.80,-6.05,-3.86,-8.16,-0.40,0.12,17.12,0.02
"5344","立衛",7.16,187.72,493.92,488.61,"NA",4.03,90.57,"NA","NA",0.37,0.19,-10.58,-11.36,-9.83,-58.97,-0.98,0.00,43.93,0.00
"5345","天揚",9.46,11643.68,1014.04,891.31,0.00,1.98,184.34,1.42,257.04,35.00,0.25,22.00,25.00,24.00,89.00,2.30,-253.00,-495.00,-24.00
"5347","世界",15.36,402.93,581.90,525.26,"*****",6.62,55.13,6.91,52.82,3.11,0.70,12.57,15.13,30.13,17.82,2.54,168.52,143.49,3.14
"5348","正能量智能",59.94,295.92,228.32,171.90,0.00,2.32,157.32,3.24,112.65,2.90,0.73,-7.29,-17.35,-8.45,-10.65,-0.85,12.67,25.08,3.92
"5351","鈺創",44.30,656.60,307.86,176.43,0.00,4.67,78.15,2.72,134.19,7.90,0.89,-1.30,-3.09,-3.24,-1.97,-0.32,0.00,29.05,0.00
"5353","台林",27.74,332.26,313.57,264.61,2390.53,6.28,58.12,3.78,96.56,2.90,0.65,1.75,2.38,3.93,2.70,0.32,29.57,153.79,4.48
"5355","佳總",21.12,315.37,467.15,436.96,18.17,2.74,133.21,10.40,35.09,2.09,0.56,1.39,1.66,3.68,2.27,0.18,53.59,213.98,4.45
"5356","協益",32.31,933.56,319.83,261.42,215062.89,4.42,82.57,5.90,61.86,16.03,1.15,7.00,10.14,63.42,6.06,4.36,42.40,110.06,3.12
"5364","力麗店",62.46,99.45,68.44,62.04,2.32,22.50,16.22,804.47,0.45,1.01,0.59,1.26,1.54,8.26,0.94,1.32,18.28,-47.69,10.13
"5371","中光電",52.34,268.61,157.89,129.88,18.90,3.41,107.03,8.06,45.28,7.42,1.25,3.71,8.13,49.67,2.87,3.51,4.50,85.06,-1.91
"5381","合正",52.15,505.29,178.02,161.13,-14.37,2.57,142.02,9.31,39.20,11.30,1.12,-9.22,-12.15,-3.92,-10.66,-0.40,11.70,"NA","NA"
"5386","青雲",30.90,13255.19,301.33,212.77,1374.21,9.73,37.51,23.58,15.47,1026.85,4.56,8.35,17.66,24.29,1.71,2.22,96.36,299.42,44.35
"5392","能率",47.27,256.24,217.99,187.12,8.95,4.13,88.37,7.93,46.02,1.87,0.52,1.80,2.53,24.60,2.47,1.49,2.75,41.79,0.68
"5398","慕康生醫",14.82,819.16,542.71,504.04,"NA",5.09,71.70,7.83,46.61,4.43,0.48,-25.64,-30.46,-20.28,-53.68,-3.28,-18.26,-83.55,-2.53
"5403","中菲",56.13,192.25,105.46,53.06,17.29,6.19,58.96,1.69,215.97,1.57,0.49,6.40,13.23,31.41,12.13,2.32,7.64,23.23,-7.05
"5410","國眾",46.17,1666.87,164.36,142.65,386.10,3.32,109.93,13.44,27.15,35.20,1.29,6.85,11.73,16.44,5.29,1.39,20.12,113.60,9.26
"5425","台半",38.16,280.71,319.93,265.01,78.56,4.81,75.88,4.43,82.39,2.54,0.79,11.66,17.53,63.54,14.60,3.31,53.12,0.00,6.72
"5426","振發",19.38,184.04,381.82,354.99,57621.00,3.52,103.69,11.74,31.09,1.30,0.57,2.71,3.41,8.01,4.91,0.76,58.77,103.57,3.04
"5432","新門",14.38,672.96,706.22,663.96,"NA",9.26,39.41,7.06,51.69,2.98,0.41,7.23,8.50,11.31,17.65,1.06,66.05,2877.33,7.59
"5438","東友",36.41,7136.57,207.85,181.98,209983.00,4.83,75.56,7.77,46.97,94.08,0.88,6.34,9.90,10.98,7.20,1.62,19.37,74.14,3.79
"5439","高技",33.06,190.97,208.87,159.94,147.22,3.07,118.89,6.19,58.96,2.66,1.02,7.00,10.30,19.99,6.83,1.62,52.79,89.37,7.11
"5443","均豪",47.58,577.30,205.83,168.62,28.70,2.41,151.45,4.24,86.08,7.23,0.78,5.25,9.14,18.49,6.47,1.20,2.11,115.48,0.00
"5450","南良",47.45,201.99,143.86,111.67,-8.87,4.03,90.57,5.13,71.15,2.70,0.82,-4.22,-8.41,-5.96,-5.67,-0.86,-10.73,72.98,-7.05
"5452","佶優",46.81,521.92,192.57,155.90,2.58,2.78,131.29,8.32,43.87,12.05,1.35,1.09,1.01,2.89,0.40,0.15,6.32,288.56,3.16
"5455","昇益",12.85,111.96,138.07,138.07,-53.76,3.23,113.00,8.92,40.91,0.22,0.15,-57.03,-164.03,-20.95,-394.50,-2.99,-316.38,-1127.81,-26.92
"5457","宣德",48.97,193.36,120.22,113.39,14.31,2.91,125.42,13.95,26.16,2.56,0.66,6.64,12.17,12.46,9.55,1.32,17.48,107.63,15.00
"5460","同協",23.55,266.53,450.78,381.77,13270.53,3.81,95.80,5.31,68.73,2.52,0.72,5.59,7.48,13.57,7.89,1.04,113.36,269.52,10.72
"5464","霖宏",58.48,420.87,185.74,171.40,997.45,3.32,109.93,6.36,57.38,3.26,0.43,4.63,9.71,20.90,9.33,1.76,23.49,80.43,6.50
"5465","富驊",41.27,475.22,199.55,159.30,7.54,3.40,107.35,5.38,67.84,5.92,0.78,1.76,2.66,4.75,1.91,0.29,22.17,166.32,6.90
"5468","凱鈺",36.97,630.25,157.14,114.99,"*****",2.64,138.25,3.72,98.11,9.24,0.78,-2.18,-3.99,-2.58,-3.24,-0.26,"*****","*****","*****"
"5474","聰泰",29.11,36046.07,381.90,331.87,0.00,174.46,2.09,5.17,70.59,753.23,1.14,23.81,34.65,73.10,20.84,6.34,83.38,186.61,28.77
"5475","德宏",70.56,89.01,84.09,54.88,-5.78,2.26,161.50,2.32,157.32,0.92,0.41,-8.40,-28.67,-24.66,-23.34,-2.54,5.16,23.65,3.09
"5478","智冠",39.09,2453.00,230.37,223.65,0.00,5.97,61.13,97.95,3.72,56.02,1.40,1.46,2.44,23.69,1.04,2.42,4.61,142.84,-1.88
"5481","新華",2.19,214.74,4378.59,4174.43,-1288.48,2.61,139.84,3.42,106.72,0.14,0.06,-10.90,-11.71,-13.65,-177.80,-1.37,-165.24,-115.82,-0.73
"5483","中美晶",38.00,191.00,191.00,123.00,25.92,5.05,72.27,4.63,78.83,1.66,0.65,2.57,4.21,33.79,3.74,0.93,11.52,50.55,0.15
"5487","通泰",16.54,462.10,683.99,599.29,4971.09,4.84,75.41,3.74,97.59,3.08,0.56,5.83,6.98,18.70,10.63,1.55,48.79,108.41,-2.39
"5488","松普",35.78,271.40,239.88,202.44,-92.15,3.19,114.42,5.51,66.24,4.28,1.14,-1.11,-2.54,-2.07,-1.39,-0.29,52.94,689.11,12.47
"5489","彩富",20.25,327.93,427.45,347.20,23662.64,4.87,74.94,3.91,93.35,3.25,0.80,14.63,18.46,47.95,18.16,4.15,93.75,108.10,0.28
"5490","同亨",33.57,1884.64,331.84,265.65,676979.77,5.92,61.65,3.79,96.30,30.66,1.16,20.38,29.95,69.55,15.94,5.41,92.82,"NA",23.91
"5493","三聯",34.15,274.34,232.44,145.58,3643.49,5.04,72.42,3.72,98.11,3.01,0.82,9.27,14.59,65.63,11.48,3.11,61.77,76.81,11.86
"5498","凱崴",34.22,194.76,201.90,121.87,133.63,1.49,244.96,1.48,246.62,0.82,0.32,0.65,0.18,0.39,0.38,0.02,49.92,90.85,17.91
"6101","寬魚國際",49.59,256.27,176.77,140.89,-36.90,1.74,209.77,9.90,36.86,1.40,0.44,-17.95,-35.04,-27.63,-41.53,-3.25,-132.18,-84.21,-70.42
"6103","合邦",72.99,358.51,116.62,112.73,0.55,37.35,9.77,92.84,3.93,23.17,2.77,2.61,4.58,-0.26,0.39,0.03,0.00,0.00,0.00
"6104","創惟",31.35,199.28,302.94,233.70,414.37,10.23,35.67,2.76,132.24,2.76,0.87,12.49,17.48,33.92,14.28,3.01,96.90,79.86,1.55
"6109","亞元",43.85,760.03,190.93,152.18,91.86,3.01,121.26,5.61,65.06,15.45,1.25,7.31,13.36,20.69,5.80,1.58,20.57,68.79,4.97
"6111","大宇資",34.54,1558.12,149.62,132.24,155.29,8.62,42.34,2.92,125.00,4.23,1.09,25.51,46.32,41.77,23.31,3.87,48.22,5.32,42.38
"6113","亞矽",26.38,1443.51,411.12,323.97,-36.46,8.22,44.40,9.74,37.47,43.74,2.02,-9.70,-13.97,-13.21,-4.89,-1.66,-3.11,-357.12,-0.84
"6114","久威",48.54,219.82,183.01,157.18,27.82,3.42,106.72,10.40,35.09,5.25,1.30,20.88,40.95,81.51,15.49,7.48,34.76,29.51,19.55
"6118","建達",53.87,712.56,170.43,110.58,1.38,5.81,62.82,11.63,31.38,52.37,3.39,0.16,-0.28,0.33,-0.03,-0.03,5.80,139.80,7.71
"6121","新普",51.16,353.07,164.51,122.87,5377.00,4.82,75.72,6.25,58.40,10.21,1.43,7.31,15.34,151.85,5.00,10.10,25.27,121.33,13.96
"6122","擎邦",40.88,595.63,212.45,79.65,-126.34,5.98,61.03,0.16,2281.25,6.20,0.65,-0.54,-1.43,-2.05,-1.31,-0.20,21.64,-12.31,12.47
"6123","上奇",51.55,200.11,142.01,112.47,18.21,4.36,83.71,6.85,53.28,5.35,1.33,5.87,11.55,33.88,4.16,2.25,18.04,110.52,8.71
"6124","業強",10.96,675.40,738.02,656.72,-107.00,3.04,120.06,6.38,57.21,4.37,0.57,-1.73,-2.22,-3.21,-3.47,-0.31,44.31,101.31,4.81
"6125","廣運",45.17,182.23,143.96,97.37,3.36,8.14,44.84,10.99,33.21,1.91,0.70,2.41,3.35,10.61,2.54,0.30,9.34,38.48,2.42
"6126","信音",60.43,130.59,112.32,86.97,-18.90,2.44,149.59,5.50,66.36,2.13,0.78,-11.24,-27.84,-43.34,-15.11,-3.34,27.19,74.86,16.15
"6127","九豪",53.72,138.05,110.84,83.35,2.58,2.54,143.70,3.49,104.58,0.92,0.43,1.61,1.52,5.08,1.62,0.21,20.32,53.11,5.87
"6129","普誠",12.06,832.95,802.07,678.11,"*****",7.36,49.59,3.26,111.96,5.17,0.54,-6.27,-7.12,-8.29,-11.61,-0.81,157.66,141.46,15.79
"6130","上亞科技",8.80,742.50,817.09,770.33,1961.60,6.98,52.29,24.05,15.17,4.91,0.67,-1.06,-1.16,3.67,-1.59,-0.13,79.49,50.90,-8.73
"6134","萬旭",52.57,305.80,179.13,142.05,-8.00,2.65,137.73,4.45,82.02,4.60,0.95,-5.81,-12.49,-10.23,-6.25,-1.01,6.84,-21.09,2.29
"6138","茂達",24.57,550.21,339.05,251.57,"*****",4.61,79.17,3.49,104.58,8.05,1.17,6.97,9.24,20.87,5.93,1.49,68.97,146.12,10.49
"6140","訊達電腦",42.43,21591.32,259.25,207.07,-15.10,3.62,100.82,8.40,43.45,587.44,1.83,-2.19,-3.84,-4.36,-1.25,-0.46,-26.44,467.67,-14.62
"6143","振曜",77.54,476.33,124.15,116.77,9.53,3.03,120.46,7.18,50.83,10.50,0.51,5.63,21.78,75.27,9.83,6.04,6.45,"NA",4.55
"6144","得利影",24.18,2344.02,435.44,270.25,13.06,4.92,74.18,3.58,101.95,31.12,1.02,0.20,0.19,0.90,0.14,-0.01,83.69,231.03,21.31
"6146","耕興",26.11,187.04,252.35,219.39,142.13,3.57,102.24,6.51,56.06,1.74,0.78,19.26,27.59,108.32,24.68,8.50,122.44,108.78,16.60
"6147","頎邦",36.99,185.71,156.16,95.63,13.44,3.95,92.40,13.07,27.92,1.20,0.42,5.72,8.66,41.44,12.38,3.19,61.72,137.13,8.57
"6148","驊宏資",73.43,13034.06,127.46,94.42,0.95,3.04,120.06,4.75,76.84,460.58,1.16,0.96,-0.62,-0.38,-0.15,0.03,-4.13,-71.37,-8.87
"6150","撼訊",77.80,196.84,107.07,76.35,-12.27,5.72,63.81,7.36,49.59,17.80,1.79,-15.47,-59.40,-45.56,-9.23,-4.55,5.69,-85.35,16.44
"6151","晉倫",43.34,182.18,187.57,128.57,18.37,3.22,113.35,4.53,80.57,3.14,1.08,8.33,14.98,31.52,7.45,2.62,62.59,77.15,17.48
"6154","順發",28.89,353.36,257.97,110.82,7307.29,297.37,1.22,5.64,64.71,13.88,2.81,4.61,6.63,12.77,1.64,1.06,25.13,82.78,1.48
"6156","松上",46.64,257.02,167.77,141.60,19.20,2.67,136.70,7.51,48.60,5.85,1.20,6.22,11.91,16.04,4.93,1.60,14.29,62.92,7.73
"6158","禾昌",24.05,331.34,388.83,354.11,2.83,2.66,137.21,6.02,60.63,2.14,0.57,0.48,0.45,1.26,0.56,0.11,77.08,196.27,8.74
"6160","欣技",22.02,642.67,403.04,215.87,52729.55,5.68,64.26,1.35,270.37,7.01,0.93,3.37,4.32,6.76,3.64,0.60,36.66,86.40,1.79
"6161","捷波",33.67,308.01,242.30,192.11,6.11,3.30,110.60,3.99,91.47,4.82,1.03,2.01,2.70,6.88,1.46,0.34,122.37,79.28,34.99
"6163","華電網",61.45,604.47,149.96,76.18,-1461.87,4.46,81.83,2.10,173.80,13.13,0.82,-3.68,-10.92,-16.90,-4.76,-1.45,23.99,31.57,0.00
"6167","久正",56.90,158.82,126.81,86.08,413.99,5.84,62.50,5.36,68.09,2.33,0.92,3.62,6.96,3.49,3.21,0.38,17.26,"*****",4.69
"6169","昱泉",14.22,311.82,624.90,620.25,"NA",16.74,21.80,"NA","NA",1.07,0.33,-25.23,-29.38,-38.20,-75.85,-4.72,-159.37,-992.18,-17.77
"6170","統振",36.83,283.29,239.92,184.99,0.43,10.12,36.06,9.65,37.82,5.23,1.35,0.47,-0.02,-1.05,-0.01,0.49,0.00,134.45,-1.28
"6171","大城地產",30.96,2500962.00,321.00,63.00,12.59,1327.99,0.27,0.28,1303.57,10291.93,0.28,7.53,11.57,14.15,24.25,1.51,-33.00,-99.00,-15.00
"6173","信昌電",26.24,354.69,259.39,215.11,49.67,3.72,98.11,4.77,76.51,2.89,0.63,3.72,5.01,9.54,5.74,0.74,45.94,113.59,7.98
"6174","安碁",12.34,279.50,580.65,483.62,176.01,4.01,91.02,3.64,100.27,2.33,0.78,7.51,8.73,12.60,9.57,1.03,167.50,"NA",5.55
"6175","立敦",39.53,157.46,144.02,97.71,311.36,3.33,109.60,3.38,107.98,1.22,0.56,2.03,2.48,4.91,2.48,0.38,22.13,36.06,7.26
"6179","亞通",34.96,3411.81,493.66,279.51,29.36,6.72,54.31,3.99,91.47,91.96,1.37,15.23,24.18,28.67,10.78,3.00,0.00,0.00,0.00
"6180","橘子",64.63,186.28,134.72,123.11,968.28,4.98,73.29,93.81,3.89,5.88,1.43,4.98,11.05,21.00,3.16,2.46,-10.09,23.20,-7.85
"6182","合晶",57.77,153.67,110.65,49.06,0.96,3.04,120.06,1.44,253.47,0.73,0.34,0.94,-0.45,-0.21,-0.56,0.07,19.08,17.28,5.19
"6185","幃翔",21.04,1009.79,678.20,632.51,47993.16,2.98,122.48,7.52,48.53,5.20,0.51,10.66,13.62,38.60,20.83,2.68,188.06,104.65,14.27
"6186","新潤",72.47,67849.13,134.49,21.86,162.87,12.40,29.43,0.26,1403.84,716.88,0.36,8.94,34.99,67.25,24.86,6.44,0.20,0.00,0.00
"6187","萬潤",21.49,435.25,359.86,291.40,683.73,2.61,139.84,2.91,125.42,4.65,0.72,10.91,14.38,30.64,15.16,2.76,52.32,22.70,7.16
"6188","廣明",54.19,512.34,164.01,156.02,8.17,3.99,91.47,7.42,49.19,5.59,0.50,2.19,4.53,19.68,3.78,1.45,7.46,82.91,-1.51
"6190","萬泰科",53.89,229.82,135.50,91.16,-0.12,3.46,105.49,5.04,72.42,5.08,1.11,-0.69,-3.68,-3.64,-1.46,-0.26,28.70,130.93,13.32
"6194","育富",7.69,1213.91,1427.08,1397.42,"*****",2.11,172.98,10.31,35.40,1.40,0.11,-1.97,-2.10,-7.96,-17.58,-0.58,-56.45,79.17,-4.87
"6195","詩肯",48.38,152.54,205.12,43.05,28.66,25.89,14.09,1.42,257.04,2.16,1.00,12.46,22.56,54.18,12.03,4.40,44.48,64.16,-4.80
"6198","瑞築",22.46,257.49,156.64,79.53,-94.44,21.10,17.29,1.18,309.32,1.60,0.50,-17.68,-22.12,-16.97,-40.01,-1.47,-0.85,-928.43,-23.08
"6199","天品",6.41,7375.94,1766.82,967.05,146668.42,10.59,34.46,0.05,7300.00,9.13,0.10,3.40,3.61,4.70,33.56,0.45,133.57,"NA",5.59
"6203","海韻電",28.08,768.41,365.00,274.75,0.00,4.27,85.48,2.23,163.67,8.59,0.83,9.37,13.03,30.19,11.28,2.46,135.70,121.07,23.71
"6204","艾華",17.88,419.15,733.50,678.32,0.00,6.07,60.13,7.46,48.92,2.85,0.56,3.70,4.54,14.36,6.64,1.10,49.44,113.60,1.48
"6207","雷科",51.64,699.57,180.94,153.28,12.41,2.21,165.15,3.26,111.96,8.02,0.60,7.18,14.40,28.79,11.07,2.65,0.32,1.44,0.18
"6208","日揚",22.34,282.76,276.72,187.08,12.20,4.48,81.47,2.02,180.69,2.07,0.57,3.91,4.62,9.13,6.31,0.70,61.75,"NA",7.72
"6210","慶生",28.31,239.50,335.46,308.94,761.45,3.80,96.05,8.89,41.05,3.01,0.90,17.33,24.84,68.78,19.19,5.40,26.73,109.70,-6.52
"6212","理銘",66.56,47410.71,144.58,28.10,6.89,"*****","*****",0.78,467.94,952.22,0.79,9.89,33.50,40.96,11.91,4.10,73.95,-11.99,161.24
"6217","中探針",27.98,520.34,334.87,284.83,111.51,3.09,118.12,4.54,80.39,5.87,0.93,11.70,17.48,47.77,12.40,3.90,48.39,1.70,7.80
"6218","豪勉",35.17,333.29,212.96,145.95,71.63,6.92,52.74,1.75,208.57,3.39,0.69,4.66,6.90,14.84,6.65,1.09,8.10,64.04,-1.96
"6219","富旺",69.14,3243.00,152.58,21.04,2.69,2.53,144.26,0.17,2147.05,16.47,18.84,0.70,1.15,2.57,1.89,0.13,5.76,"NA",5.43
"6220","岳豐",54.67,256.88,178.49,127.98,3.81,3.21,113.70,5.71,63.92,5.37,1.27,2.11,3.00,10.53,1.05,0.60,9.06,3.22,4.72
"6221","晉泰",60.60,459.74,152.72,112.98,1930.99,4.95,73.73,4.23,86.28,16.32,1.43,5.50,14.01,27.41,3.64,2.21,4.55,92.68,0.00
"6222","立軒",57.11,208.92,85.55,23.71,-3951.20,3.10,117.74,1.59,229.55,0.42,0.18,-28.68,-48.36,-24.37,-152.30,-2.50,-88.18,-193.51,-93.17
"6223","旺矽",45.15,132.89,115.91,50.99,27.84,4.97,73.44,1.33,274.43,1.56,0.62,4.68,7.96,45.16,7.33,3.71,-5.82,17.37,-9.89
"6227","茂綸",68.07,26435.63,147.60,72.66,44.53,4.22,86.49,3.19,114.42,1214.60,1.68,4.27,10.33,23.74,2.49,1.83,-39.33,-100.82,-84.20
"6228","全譜",47.22,142.89,212.11,143.11,-12.50,7.01,52.06,1.08,337.96,0.40,0.23,-8.65,-16.30,-8.56,-39.46,-0.99,-34.79,0.00,-5.84
"6229","研通",33.45,1418.18,270.81,243.93,161.75,17.26,21.14,18.13,20.13,27.17,1.42,0.25,0.35,0.71,0.17,0.05,52.09,0.00,18.54
"6231","系微",27.76,17208.40,298.11,286.08,21.57,12.12,30.11,"*****","*****",122.93,0.76,4.17,6.33,14.16,5.21,1.14,30.46,65.44,10.07
"6233","旺玖",11.84,805.95,596.02,537.93,-127034.48,6.38,57.21,2.25,162.22,3.48,0.38,-6.39,-7.17,-8.72,-16.67,-0.88,15.99,87.84,1.87
"6234","高僑",21.82,358.24,301.97,229.68,64.44,2.34,155.98,1.98,184.34,1.74,0.38,10.22,13.29,44.35,25.82,4.14,-134.21,-93.30,-30.88
"6236","中湛",32.92,238.65,235.50,161.48,-2555.52,36.75,9.93,0.62,588.70,1.21,0.42,-9.70,-14.07,-12.39,-23.98,-1.09,-6.27,-45.76,-1.51
"6237","驊訊",4.88,394.76,1668.70,1611.16,0.00,6.06,60.23,3.42,106.72,1.01,0.23,6.09,6.43,12.53,26.28,1.24,79.80,31.27,-0.82
"6240","松崗",63.91,8882.10,146.22,137.18,2520.55,3.77,96.81,4.66,78.32,68.31,0.29,4.78,13.91,16.83,16.21,1.61,7.82,-593.65,13.82
"6241","易通展",14.07,3551.66,710.42,592.60,0.00,7.15,51.04,2.67,136.70,13.07,0.43,-6.85,-7.70,-7.63,-15.89,-0.91,38.54,92.32,-10.12
"6242","立康",46.79,108.37,117.23,81.48,"NA",99.45,3.67,4.68,77.99,2.36,1.07,12.42,20.82,26.43,11.60,2.64,52.28,6.99,15.28
"6244","茂迪",56.63,180.39,150.09,115.19,0.21,4.23,86.28,8.79,41.52,2.54,0.81,-1.48,-4.56,-3.52,-2.54,-1.37,13.66,30.20,5.28
"6245","立端",46.27,213.95,168.33,86.37,53.72,5.32,68.60,3.17,115.14,4.81,1.35,8.36,15.15,43.89,6.05,3.29,17.66,57.80,6.59
"6246","臺龍",87.16,124.70,89.48,74.03,-1.49,2.50,146.00,6.75,54.07,2.89,0.71,-2.73,-35.69,-3.34,-5.63,-0.35,6.86,-46.61,7.87
"6248","沛波",44.20,3603.96,221.38,203.74,0.00,4.57,79.86,52.08,7.00,172.98,2.52,9.81,21.97,16.95,3.89,2.01,-19.61,222.76,-21.07
"6259","百徽",45.15,1122.10,193.84,138.15,-16.17,2.37,154.00,3.91,93.35,18.91,1.05,-12.13,-23.06,-18.99,-12.12,-1.83,-24.38,-141.86,-16.86
"6261","久元",23.95,163.64,201.33,152.97,28.92,3.55,102.81,4.87,74.94,0.95,0.45,5.40,7.06,41.10,11.58,3.71,54.37,71.53,2.07
"6263","普萊德",15.87,7316.62,632.81,533.00,"*****",16.79,21.73,3.91,93.35,76.39,0.92,19.30,23.35,50.95,21.02,4.26,114.45,122.28,3.63
"6264","富裔",71.91,598.06,185.60,45.14,-2.45,12.89,28.31,0.15,2433.33,0.80,0.09,-3.19,-13.20,-12.36,-46.64,-1.27,-10.94,-77.98,-10.04
"6265","方方土昶",35.37,573.45,244.94,211.50,11.21,6.36,57.38,21.32,17.12,37.05,3.08,2.20,3.41,5.98,0.65,0.48,102.95,200.76,49.61
"6266","泰詠",30.58,284.26,275.76,215.12,59948.48,5.64,64.71,5.40,67.59,4.09,1.13,4.43,6.56,23.10,3.91,1.89,78.25,125.19,26.73
"6270","倍微",25.50,1408.59,358.06,277.13,0.00,7.03,51.92,5.30,68.86,25.25,1.34,1.35,1.82,3.35,1.07,0.33,32.93,64.87,7.07
"6274","台燿",41.79,246.71,225.09,190.98,29.27,2.81,129.89,9.74,37.47,4.06,1.17,7.05,12.23,40.67,5.82,3.11,16.61,162.63,1.36
"6275","元山",61.21,253.30,130.12,78.23,196.85,3.61,101.10,3.19,114.42,6.77,1.10,1.29,1.57,2.91,0.52,0.20,0.81,14.62,-1.57
"6276","安鈦克",55.46,207.90,131.03,107.02,-21.56,4.11,88.80,6.85,53.28,5.27,1.26,-11.23,-25.87,-34.01,-9.33,-2.59,-6.14,-33.73,-7.03
"6279","胡連",29.66,191.50,238.11,178.01,186.64,2.23,163.67,2.57,142.02,1.68,0.63,14.85,20.53,105.57,23.59,8.25,40.59,76.74,0.74
"6284","佳邦",51.96,166.09,130.66,107.95,4.22,2.76,132.24,3.83,95.30,1.61,0.56,2.21,3.39,13.27,2.92,1.03,16.76,24.82,6.61
"6287","元隆",84.39,101.30,90.63,47.55,-4.42,3.38,107.98,3.42,106.72,1.27,0.61,-19.11,-83.85,-17.53,-36.79,-1.75,-24.85,-195.57,-4.31
"6290","良維",36.06,355.64,225.56,152.56,123.03,3.23,113.00,4.47,81.65,7.82,1.31,5.31,7.89,28.70,4.02,2.22,4.56,45.58,-3.48
"6291","沛亨",79.93,442.67,115.44,65.59,1077.66,6.80,53.67,2.23,163.67,26.77,1.11,-16.32,-64.84,-14.82,-15.86,-1.48,-8.42,-1609.84,-13.86
"6292","迅德",40.38,526.42,220.40,187.43,57.24,4.84,75.41,5.40,67.59,7.81,0.88,6.30,10.03,30.93,6.92,2.06,11.69,96.80,-6.65
"6294","智基",62.15,822.28,109.05,106.31,0.00,124.30,2.93,2.03,179.80,15.89,1.01,18.34,53.15,73.74,18.15,7.37,52.67,467.26,65.14
"5508","永信建",29.27,28964.65,455.88,23.85,35.91,20583.81,0.01,0.23,1586.95,120.62,0.33,9.57,12.57,26.84,28.60,2.63,38.63,73.74,-13.20
"5511","德昌",49.95,4089.18,190.61,129.17,229.14,3.09,118.12,0.26,1403.84,47.34,0.61,4.37,8.40,23.53,7.16,1.85,0.00,17.02,-11.76
"5512","力麒",50.53,1066.99,206.18,45.67,3.63,4.22,86.49,0.07,5214.28,0.99,0.06,1.11,1.50,4.75,12.09,0.19,-14.79,70.03,-3.49
"5514","三豐",4.88,651.12,2199.21,1231.15,138867.00,629.58,0.57,0.03,12166.66,0.28,0.04,-0.28,-0.30,0.24,-6.85,-0.04,-457.92,237.29,-21.43
"5516","雙喜",47.81,231.64,162.34,146.23,-336.04,2.57,142.02,0.76,480.26,3.31,0.80,-1.62,-3.52,-4.59,-2.50,-0.41,-3.20,202.34,0.00
"5520","力泰",21.64,224.23,279.16,252.50,480554.29,3.18,114.77,20.49,17.81,2.68,0.96,5.56,7.12,23.51,5.77,1.81,58.66,71.02,7.62
"5523","豐謙",66.42,87984.41,227.98,19.02,0.58,0.60,608.33,0.00,"*****",0.92,0.00,-1.14,-6.29,-6.74,-2366.09,-0.67,0.00,0.00,0.00
"5529","鉅陞",61.27,19828.30,170.22,18.93,-1.58,2.13,171.36,0.01,36500.00,2.47,0.01,-2.65,-7.43,-8.38,-395.46,-0.84,-83.10,-240.08,-54.52
"5530","龍巖",80.38,147.95,68.97,22.81,19.24,7.38,49.45,0.09,4055.55,0.55,0.08,2.82,12.36,34.77,33.71,2.73,6.44,65.42,7.04
"5536","聖暉*",62.57,822.07,152.83,95.56,25166.76,3.48,104.88,0.76,480.26,23.74,1.13,5.54,15.12,110.43,4.86,9.02,6.11,39.85,6.18
"5543","桓鼎-KY",45.32,175.59,140.34,113.80,8.70,3.60,101.38,3.26,111.96,2.69,0.85,4.19,6.79,29.73,4.36,1.49,31.43,"NA",15.41
"5601","台聯櫃",25.99,793.82,495.16,477.66,147.33,12.67,28.80,1.00,365.00,0.32,0.04,0.87,1.16,3.25,21.40,0.25,117.81,68.12,-5.49
"5603","陸海",45.83,118.72,122.79,89.89,16.32,4.37,83.52,2.28,160.08,1.53,0.83,5.88,10.39,20.83,6.65,1.63,39.07,78.55,5.23
"5604","中連",38.99,93.30,305.54,285.92,1871.00,5.30,68.86,"NA","NA",0.43,0.37,10.47,17.61,40.05,28.66,3.81,44.23,70.50,-1.82
"5609","中菲行",48.80,312.75,176.76,176.68,20.00,8.35,43.71,"NA","NA",21.25,3.78,3.82,6.51,15.59,0.95,1.08,14.89,112.31,4.87
"5701","劍湖山",55.40,91.05,24.34,15.13,-4.15,63.91,5.71,9.70,37.62,0.50,0.37,-6.47,-16.80,-12.69,-20.99,-1.27,-6.45,-54.35,-1.06
"5703","亞都麗緻",36.95,114.48,159.59,136.46,0.00,30.29,12.05,91.37,3.99,1.22,0.70,4.95,8.09,10.18,7.11,1.04,31.80,192.49,4.82
"5704","老爺知",17.36,150.41,296.31,293.21,"NA",38.42,9.50,72.94,5.00,1.05,0.58,7.09,8.61,12.69,12.39,1.05,72.08,137.35,0.57
"5878","台名",22.78,916.84,342.94,341.62,"NA",7.81,46.73,"NA","NA",11.82,1.12,13.69,17.59,35.17,12.26,3.12,58.63,99.69,12.96
"5902","德記",45.06,9083.01,81.30,39.36,6.90,12.96,28.16,8.47,43.09,314.52,1.71,2.37,3.78,2.57,1.21,0.26,12.47,0.00,13.07
"5903","全家",79.84,83.52,67.82,43.46,92.52,"NA","NA",10.46,34.89,6.77,2.43,5.65,28.48,72.06,2.30,5.72,21.20,88.41,20.84
"5904","寶雅",51.73,167.98,136.25,52.08,165.93,"NA","NA",3.29,110.94,6.60,2.02,18.14,37.06,120.59,8.91,10.00,44.58,77.93,10.91
"5905","南仁湖",34.05,300.76,105.78,83.88,571.21,35.11,10.39,1.65,221.21,1.41,0.32,2.95,3.71,7.20,7.42,0.37,39.19,199.42,19.98
"6015","宏遠證",57.35,13073.40,158.12,158.03,"NA","NA","NA","NA","NA",9.89,0.03,-2.08,-5.20,-4.77,-62.75,-0.60,7.14,62.22,6.54
"6016","康和證",77.14,635.86,118.78,118.71,"NA","NA","NA","NA","NA","NA","NA",0.66,3.12,3.75,9.82,0.35,9.27,1750.73,28.67
"6020","大展證",18.62,1789.18,462.52,462.44,"NA","NA","NA","NA","NA","NA","NA",-0.06,-0.07,-0.66,-2.29,-0.01,"NA",425.71,"NA"
"6021","美好證",47.95,1612.51,175.17,175.13,"NA","NA","NA","NA","NA",0.00,0.00,-0.60,-1.22,-1.01,-13.16,-0.17,35.38,335.09,30.38
"6023","元大期貨",88.08,9687.67,109.67,109.66,"NA","NA","NA","NA","NA","NA","NA",1.64,10.93,40.26,26.52,3.35,0.92,75.81,-16.55
"6026","福邦證",27.46,1500.72,318.69,318.65,"NA","NA","NA","NA","NA","NA","NA",2.74,5.17,7.38,36.26,0.58,60.86,526.37,18.45
"6411","晶焱",36.63,397.64,240.61,191.41,72.30,4.80,76.04,4.27,85.48,5.62,1.05,9.63,14.60,35.55,9.07,2.98,1.40,61.05,6.08
"6417","韋僑",24.11,407.19,351.55,249.57,18575.73,8.48,43.04,4.02,90.79,5.33,1.20,10.12,13.82,28.22,8.38,2.51,64.50,73.47,12.10
"6418","詠昇",47.75,372.13,203.03,155.37,5858.00,4.51,80.93,5.63,64.83,8.39,1.28,5.00,9.95,12.78,3.95,1.20,11.29,27.93,4.42
"6419","京晨科",14.64,2816.68,671.97,574.12,"*****",7.19,50.76,2.57,142.02,27.58,0.91,0.34,0.40,5.00,0.38,0.07,41.20,80.43,-6.57
"6425","易發",46.45,220.35,164.01,124.96,26.03,3.21,113.70,3.95,92.40,3.49,0.92,7.76,13.76,51.24,8.04,4.26,3.15,62.85,0.00
"6432","今展科",45.46,678.21,197.85,162.67,60.88,2.96,123.31,4.97,73.44,17.57,1.36,8.97,16.34,39.51,6.50,3.49,17.57,35.11,4.30
"6435","大中",34.15,1343.44,281.25,202.94,"NA",6.90,52.89,3.97,91.93,30.48,1.62,11.13,16.62,31.62,6.88,2.99,45.78,157.58,5.80
"6441","廣錠",24.14,2744.46,402.49,324.97,"*****",10.95,33.33,6.91,52.82,67.05,1.35,8.33,11.54,31.11,6.16,2.40,21.71,98.82,2.55
"6461","益得",18.08,120.33,143.96,115.32,-6063.54,5.02,72.70,0.00,"*****",0.01,0.01,-7.85,-8.77,-20.74,-1190.52,-2.11,0.00,0.00,0.00
"6462","神盾",13.95,7785.06,630.79,554.01,-151.88,11.66,31.30,1.58,231.01,34.75,0.46,-7.68,-8.90,-8.13,-16.76,-1.44,-66.75,-223.43,-10.42
"6465","威潤",10.44,22542.45,960.62,905.40,"NA",99.96,3.65,3.97,91.93,128.04,0.74,17.14,19.76,37.96,23.31,3.49,159.16,393.24,14.69
"6469","大樹",37.70,342.78,213.08,102.65,"NA",17.23,21.18,5.67,64.37,16.79,2.62,9.40,15.12,42.81,3.59,3.35,-0.98,37.62,-3.82
"6470","宇智",51.35,976.46,198.97,182.82,3444.37,3.52,103.69,16.45,22.18,31.28,1.64,14.58,32.47,54.70,8.67,5.59,46.71,205.98,29.66
"6482","弘煜科",26.06,1891.65,368.26,360.60,2586.74,6.32,57.75,0.72,506.94,18.25,0.85,13.85,17.47,52.54,16.34,3.60,110.26,970.27,35.31
"6485","點序",13.25,8926.74,745.36,555.01,12452.63,4.03,90.57,2.58,141.47,33.69,1.14,11.10,14.69,54.26,9.68,4.95,-108.97,33.97,-25.30
"6486","互動",54.66,369.69,155.78,90.71,1365.75,4.10,89.02,2.16,168.98,8.44,1.16,8.12,17.25,44.19,7.00,3.59,43.13,88.61,25.75
"6488","環球晶",29.78,202.25,245.82,172.15,251.04,3.72,98.11,3.50,104.28,1.67,0.68,9.08,13.66,76.04,13.35,5.80,48.32,116.80,0.69
"6492","生華科",2.09,49913.05,4748.30,4726.76,"NA","NA","NA","NA","NA","NA","NA",-22.27,-22.67,-27.85,"NA",-2.83,-1118.00,-207.63,-23.83
"6494","九齊",29.99,587.35,298.17,239.49,17244.45,7.60,48.02,6.34,57.57,11.20,1.52,11.38,15.98,28.67,7.49,2.32,51.11,85.91,2.05
"6496","科懋",20.73,494.37,427.29,294.06,188.68,5.99,60.93,4.17,87.52,7.45,1.19,14.39,18.22,41.69,11.58,3.37,20.13,63.00,-14.62
"6499","益安",2.58,10506.29,3770.15,3746.03,"*****","*****","*****","*****","*****","NA","NA",-28.43,-29.21,-40.01,"*****",-3.44,"NA","NA","NA"
"6506","雙邦",46.82,132.44,148.61,98.97,11.86,5.34,68.35,5.52,66.12,2.10,1.08,6.76,11.98,18.40,5.74,1.56,49.76,98.43,12.33
"6508","惠光",30.03,265.16,259.01,133.61,66.65,4.53,80.57,2.02,180.69,2.99,0.80,5.74,8.13,27.94,7.09,2.07,40.43,85.75,5.63
"6509","聚和",47.12,149.69,156.70,94.72,7.88,3.55,102.81,2.73,133.69,1.35,0.62,3.57,5.98,13.82,5.10,0.96,35.12,109.65,8.43
"6510","精測",37.04,154.54,180.73,140.67,17893.97,6.72,54.31,4.68,77.99,2.28,1.14,27.40,43.68,182.18,23.97,14.77,102.87,81.18,29.09
"6512","啟發電",27.86,426.89,294.01,232.71,213.62,5.77,63.25,3.14,116.24,5.70,96.22,13.15,18.73,44.23,13.59,3.51,60.54,108.79,6.94
"6516","勤崴國際",14.51,999.76,570.75,558.08,1362.93,2.19,166.66,63.30,5.76,9.34,0.74,4.19,4.94,12.57,5.61,0.98,-4.01,100.26,-1.71
"6517","保勝光學",50.46,162.00,159.33,88.32,-12.55,5.60,65.17,3.19,114.42,3.47,1.04,-4.04,-8.30,-7.86,-4.12,-0.87,22.87,100.65,5.09
"6523","達爾膚",9.91,9294.33,984.73,860.10,"NA",5.64,64.71,2.50,146.00,84.10,0.83,21.91,24.65,96.99,26.40,8.10,159.40,95.77,-0.28
"6527","明達醫",23.19,1679.82,407.78,287.97,0.00,10.59,34.46,2.94,124.14,27.42,1.01,11.17,14.24,29.51,11.01,2.40,16.07,58.81,-0.69
"6530","創威",13.79,11603.01,715.49,437.99,"*****",5.98,61.03,2.98,122.48,104.11,0.77,7.76,9.12,14.76,9.72,1.20,107.28,701.73,14.04
"6532","瑞耘",18.35,319.19,459.29,382.75,13319.00,4.82,75.72,2.45,148.97,2.34,0.69,12.01,15.03,20.85,17.36,1.97,150.28,224.92,17.36
"6535","順藥",3.78,2385.06,2031.74,2024.44,"*****","*****","*****","*****","*****",0.43,0.01,-35.96,-37.54,-27.96,-2472.65,-2.83,"*****","*****","*****"
"6538","倉和",33.15,267.78,248.83,220.21,34.51,2.08,175.48,5.98,61.03,3.28,0.80,13.80,20.22,108.74,16.62,8.36,49.03,115.92,16.04
"6542","隆中",53.23,4458.56,150.41,126.82,88.27,11.19,32.61,272340.75,"NA",184.93,2.43,7.78,18.37,30.86,3.16,2.63,10.99,26.82,13.17
"6546","正基",42.46,479.12,195.98,114.63,25.95,6.56,55.64,3.61,101.10,9.41,1.45,5.03,9.05,11.44,3.36,1.11,52.86,19.06,26.03
"6547","高端疫苗",18.70,186.53,925.66,896.21,-298.89,"*****","*****","*****","*****",0.00,0.00,-12.64,-15.00,-16.52,"*****",-1.99,338.15,-41.01,14.28
"6548","長科*",15.31,222.35,387.14,337.04,0.00,3.68,99.18,5.47,66.72,1.30,0.47,7.32,8.61,34.51,15.46,2.66,31.48,47.21,-0.59
"6556","勝品",58.58,129.20,142.06,114.12,1061.33,5.78,63.14,3.83,95.30,1.52,0.78,5.30,12.21,63.46,6.29,4.60,26.06,51.87,8.88
"6560","欣普羅",27.44,11650.04,426.65,379.84,0.00,5.33,68.48,2.83,128.97,87.87,0.72,13.17,17.91,37.49,18.38,3.07,104.94,170.57,17.62
"6568","宏觀",33.48,357.93,307.78,273.58,12075.06,6.45,56.58,4.89,74.64,6.79,1.07,21.10,30.69,85.99,19.70,7.25,81.47,88.49,18.05
"6569","醫揚",36.08,1761.45,324.10,239.28,2652.11,6.69,54.55,4.97,73.44,46.50,2.14,27.26,43.11,105.34,12.74,8.32,91.93,"NA",24.23
"6570","維田",25.95,1375.84,354.84,239.64,579.54,9.63,37.90,2.95,123.72,37.67,1.42,10.86,14.90,26.81,7.61,2.10,49.00,117.49,10.56
"6574","霈方",28.49,4623.46,337.43,288.07,250.25,4.73,77.16,1.95,187.17,100.16,1.72,25.79,43.03,60.99,15.04,6.04,114.86,632.33,42.95
"6576","逸達",6.35,3373.10,1411.16,1395.33,"*****","*****","*****","*****","*****",0.00,0.00,-94.93,-170.60,-49.66,"*****",-6.09,-1921.38,"NA",-138.83
"6577","勁豐",35.34,1799.08,295.74,212.05,19821.56,6.29,58.02,4.90,74.48,46.52,1.63,15.37,25.61,54.30,9.44,5.13,28.51,106.24,5.45
"6588","東典光電",14.29,442.46,658.23,467.97,0.00,4.81,75.88,1.50,243.33,2.71,0.66,26.70,30.73,56.02,40.16,5.09,233.79,131.30,12.20
"6603","富強鑫",54.29,294.00,251.09,160.98,3.41,2.42,150.82,2.05,178.04,2.56,0.65,1.28,2.03,4.12,1.40,0.20,8.50,49.20,1.26
"6609","瀧澤科",48.86,286.15,198.80,141.37,28.58,2.83,128.97,2.61,139.84,3.53,0.77,5.61,10.41,35.81,6.99,2.76,7.21,81.58,-1.35
"6613","朋億*",74.23,1063.47,132.72,58.20,33931.23,4.17,87.52,0.92,396.73,31.07,0.95,5.48,21.38,78.57,5.73,6.62,2.67,"NA",2.93
"6615","慧智",42.87,326.14,197.74,163.92,26.45,5.34,68.35,10.94,33.36,8.35,1.73,8.47,14.53,18.76,4.70,1.61,13.12,63.12,7.37
"6640","均華",31.69,1631.65,313.16,234.94,332.10,2.52,144.84,2.81,129.89,1855.46,0.85,10.32,14.70,63.50,12.16,4.77,15.91,"NA","NA"
"6667","信紘科",46.08,324.37,184.56,89.08,88.81,9.71,37.59,1.02,357.84,8.91,1.50,14.86,26.68,53.33,9.77,3.77,36.84,"NA",20.38
"6803","崑鼎",35.85,11172.28,199.15,190.61,9679.58,4.05,90.12,"NA","NA",72.84,0.55,9.65,16.39,147.16,17.42,10.84,62.62,223.77,10.52
"7402","邑錡",19.11,3988.47,506.21,392.35,0.00,6.83,53.44,2.84,128.52,29.91,0.89,10.69,13.80,23.36,12.07,2.12,43.77,51.94,9.16
"8024","佑華",13.09,428.90,699.70,616.44,0.00,5.27,69.25,6.12,59.64,3.67,0.74,1.00,1.17,2.70,1.39,0.18,27.04,93.31,0.07
"8027","鈦昇",51.76,325.12,218.07,137.24,2.30,2.89,126.29,2.64,138.25,4.09,0.86,0.27,0.32,1.93,0.18,0.01,-35.53,-3.75,-17.13
"8032","光菱",38.25,1378.28,264.99,185.22,35979.10,4.08,89.46,5.87,62.18,40.55,1.91,5.96,9.45,33.79,3.10,2.58,-5.71,177.29,-10.46
"8034","榮群",12.17,7501.24,853.96,644.89,-38.00,4.08,89.46,1.18,309.32,35.19,0.42,-2.45,-2.93,-2.04,-5.97,-0.21,-82.34,278.72,-9.57
"8038","長園科",36.26,202.25,136.99,106.74,-10.97,1.09,334.86,0.49,744.89,0.21,0.06,-6.18,-10.32,-14.66,-111.01,-1.48,0.00,51.07,0.00
"8040","九暘",27.49,246.57,174.10,125.57,"NA",13.20,27.65,5.23,69.78,2.43,0.76,-7.16,-9.69,-8.34,-9.49,-0.84,"NA",98.19,"NA"
"8042","金山電",38.92,345.72,205.58,162.15,3781.34,2.34,155.98,3.26,111.96,2.73,0.56,7.54,11.38,46.81,13.11,4.06,10.90,62.34,-2.30
"8043","蜜望實",42.75,1811.57,229.20,203.13,"NA",2.20,165.90,12.75,28.62,38.79,1.31,3.31,5.79,21.02,2.52,1.61,21.80,124.56,11.84
"8044","網家",42.48,2229.84,222.04,210.29,135235.38,68.18,5.35,43.59,8.37,88.86,2.30,10.42,20.34,108.34,3.73,8.24,19.64,211.45,6.91
"8047","星雲",19.26,381.64,418.84,257.02,15945.00,13.66,26.72,2.72,134.19,5.65,1.22,4.03,5.09,11.60,3.29,0.65,23.21,145.10,2.02
"8048","德勝",30.18,475.92,294.43,253.75,"NA",11.18,32.64,9.46,38.58,8.98,1.51,17.08,23.56,42.88,11.28,3.51,92.63,"NA",25.52
"8049","晶采",19.87,366.92,356.30,260.27,"*****",7.80,46.79,4.07,89.68,3.73,0.91,8.43,10.27,14.69,9.28,1.11,95.16,231.72,11.11
"8050","廣積",27.42,274.61,265.97,171.49,75.02,8.44,43.24,3.39,107.66,3.93,1.12,13.25,19.06,43.88,11.71,4.45,58.73,25.83,16.66
"8054","安國",15.47,3480.41,541.77,477.27,0.00,7.75,47.09,4.06,89.90,33.77,0.81,0.34,0.42,6.18,0.42,0.83,75.67,108.74,9.60
"8059","凱碩",30.33,252.24,200.23,144.53,2325.09,5.21,70.05,6.46,56.50,4.65,1.28,6.57,9.92,11.48,5.47,1.13,-14.10,43.09,-13.95
"8064","東捷",56.64,317.25,156.58,97.92,6.92,1.64,222.56,2.11,172.98,3.73,0.62,1.59,3.01,6.50,2.15,0.47,23.47,132.72,14.26
"8066","來思達",56.13,1343.26,170.20,162.35,34.48,8.77,41.61,406.30,0.89,128.86,5.31,21.19,48.88,142.75,3.88,10.16,32.30,44.18,22.67
"8067","志旭",53.71,413.26,137.53,88.94,-0.59,3.41,107.03,3.06,119.28,5.35,0.69,-1.23,-4.25,-2.22,-2.76,-0.28,0.00,158.94,0.00
"8068","全達",82.97,299.16,90.90,84.66,5.03,3.97,91.93,34.11,10.70,39.91,2.60,2.16,9.87,3.27,0.66,0.33,0.00,27.12,0.00
"8069","元太",20.47,423.03,227.45,200.74,10.68,6.62,55.13,5.36,68.09,1.71,0.37,1.69,2.02,7.52,4.05,0.47,39.26,155.44,6.86
"8071","能率網通",55.74,265.68,137.33,111.47,3.69,5.50,66.36,12.69,28.76,6.55,1.23,0.75,0.53,-3.97,0.20,0.21,-16.03,60.12,-8.13
"8074","鉅橡",39.40,225.91,320.23,216.20,2139.38,3.06,119.28,2.84,128.52,1.83,0.66,8.54,14.14,27.40,12.38,2.34,105.55,84.08,12.20
"8076","伍豐",30.33,1347.54,156.31,105.29,7.99,2.76,132.24,1.92,190.10,7.24,0.40,3.31,4.15,11.21,7.17,1.00,12.45,46.23,3.32
"8077","洛碁",70.48,103.83,14.42,10.71,-1.80,10.60,34.43,"NA","NA",0.61,0.26,-0.18,-2.05,-2.28,-3.64,-0.23,0.22,-8.20,0.15
"8080","泰霖",41.20,151.84,234.65,156.61,-1432.33,3.11,117.36,3.19,114.42,0.60,0.33,-9.59,-16.96,-21.99,-31.15,-2.07,10.78,32.58,1.82
"8083","瑞穎",25.03,136.53,176.96,106.42,20621.00,4.95,73.73,3.21,113.70,1.65,0.91,22.84,29.92,111.91,24.89,8.87,79.23,74.36,1.07
"8084","巨虹",36.51,1166.05,230.12,210.47,-105.64,2.96,123.31,30.38,12.01,37.77,1.83,-1.37,-4.87,-5.33,-1.27,-0.48,62.43,15.52,38.48
"8085","福華",69.78,180.21,177.36,153.76,-326.36,2.95,123.72,6.42,56.85,2.01,0.53,-4.62,-16.46,-8.93,-10.20,-1.18,28.66,72.86,12.29
"8086","宏捷科",21.61,237.74,311.25,257.19,440.70,13.47,27.09,7.68,47.52,3.63,1.27,31.24,40.20,90.48,24.59,7.85,172.41,234.82,23.41
"8087","麗升能源",30.77,170.12,375.87,342.88,-1.40,3.65,100.00,10.92,33.42,0.64,0.33,-1.44,-2.61,-1.71,-5.51,-0.27,3.01,468.11,0.16
"8088","品安",16.16,225.75,476.23,406.97,5334.19,9.71,37.59,12.36,29.53,4.87,1.89,8.90,10.86,20.01,4.81,1.67,"NA","NA","NA"
"8091","翔名",36.44,296.83,188.08,90.67,13194.13,7.72,47.27,2.55,143.13,3.52,0.93,11.46,15.92,61.84,12.21,5.43,16.29,94.25,0.72
"8092","建暐",46.00,190.00,194.00,70.00,-917.00,3.23,113.00,1.06,344.33,1.53,0.52,-3.41,-6.58,-7.34,-7.22,-0.74,-14.28,-27.77,-8.75
"8093","保銳",32.64,218.20,199.09,128.96,-9.45,3.43,106.41,2.02,180.69,2.46,0.69,-4.19,-6.85,-4.22,-6.49,-0.55,38.71,189.25,1.00
"8096","擎亞",65.21,1443.04,145.95,97.68,4.47,19.52,18.69,16.86,21.64,221.09,7.13,4.17,8.33,21.57,0.47,1.80,-18.38,84.38,-35.17
"8097","常珵",44.07,272.56,18.60,10.58,-4.91,4.62,79.00,9.88,36.94,0.42,0.12,-5.21,-12.96,-10.63,-51.56,-1.16,-13.65,17.90,-2.72
"8099","大世科",53.73,840.49,180.11,116.67,46.06,4.76,76.68,4.83,75.56,29.78,1.66,4.27,8.66,15.90,2.52,1.34,6.24,42.83,-4.03
"8107","大億金茂",42.67,407.54,246.24,130.57,12.40,3.41,107.03,19.62,18.60,1.68,0.31,3.93,5.99,19.17,11.32,0.69,6.13,126.09,1.93
"8109","博大",50.92,593.07,188.98,177.46,38.53,13.15,27.75,3.44,106.10,4.59,0.41,14.80,27.88,67.04,35.43,5.54,31.07,125.70,7.64
"8111","立碁",36.48,139.42,129.22,101.50,-8.46,3.59,101.67,2.54,143.70,0.84,0.43,-4.56,-7.87,-7.70,-11.71,-0.78,7.97,116.99,2.28
"8121","越峰",49.18,145.53,156.84,88.83,-1036.53,3.38,107.98,1.66,219.87,0.77,0.38,-7.46,-15.48,-27.02,-20.84,-2.30,11.93,82.41,2.45
"8147","正淩",38.10,213.18,209.80,158.90,30.00,4.00,91.25,4.35,83.90,3.72,1.07,10.49,16.64,36.03,9.53,3.51,24.03,73.98,3.99
"8155","博智",28.37,167.50,205.36,182.48,47.85,2.69,135.68,9.02,40.46,1.90,0.80,4.95,6.97,22.76,6.06,1.81,52.55,"NA",5.44
"8171","天宇",56.38,413.68,155.04,118.85,-1424.49,5.11,71.42,5.27,69.25,12.25,1.23,-6.09,-15.88,-23.15,-5.23,-2.25,0.00,66.67,0.00
"8176","智捷",45.88,194.78,137.85,66.33,-30.17,8.38,43.55,1.74,209.77,2.62,0.78,-0.29,-1.54,-1.92,-1.10,0.27,9.89,"NA",6.68
"8182","加高",36.62,198.46,267.22,234.52,1176.62,3.63,100.55,6.88,53.05,1.70,0.67,2.70,3.87,13.59,3.68,0.97,46.33,173.15,6.73
"8183","精星",49.75,198.01,150.61,119.00,-7.12,3.18,114.77,7.91,46.14,3.50,0.97,-2.56,-5.43,-6.59,-2.95,-0.68,5.18,132.32,2.66
"8234","新漢",48.41,183.45,144.19,85.30,16.15,5.15,70.87,4.16,87.74,3.63,1.19,4.52,8.10,18.72,3.53,1.40,11.01,33.20,-2.39
"8240","華宏",51.50,262.23,199.97,166.31,209.00,2.17,168.20,6.80,53.67,3.86,0.94,0.44,0.18,4.75,0.09,0.01,47.45,76.81,17.58
"8255","朋程",18.79,175.72,234.22,169.61,452.79,6.07,60.13,4.68,77.99,1.97,0.96,16.52,20.54,98.43,17.10,8.13,148.38,101.09,14.17
"8277","商丞",23.98,485.47,1352.67,913.51,-2252.01,7.51,48.60,1.81,201.65,1.96,0.37,-7.86,-10.62,-13.87,-21.87,-1.39,804.71,367.10,38.72
"8279","生展",50.77,150.08,158.74,98.57,51.02,4.38,83.33,3.43,106.41,2.23,0.93,9.89,19.46,46.01,10.39,3.76,47.13,85.44,11.25
"8284","三竹",34.88,427.93,222.64,219.18,"*****",6.15,59.34,16.64,21.93,8.75,1.37,7.80,12.06,15.62,5.68,1.49,73.71,166.19,28.50
"8289","泰藝",28.69,297.99,334.84,264.09,2403.16,3.92,93.11,2.71,134.68,3.19,0.78,2.62,3.54,8.36,3.32,0.70,47.98,234.76,5.58
"8291","尚茂",49.37,133.82,140.24,99.89,-1880.79,3.40,107.35,3.84,95.05,1.42,0.69,-10.13,-19.30,-9.13,-15.32,-1.11,-13.38,17.68,-3.70
"8299","群聯",26.65,1243.23,330.34,257.90,1496.16,8.56,42.64,5.54,65.88,22.73,1.47,15.66,21.47,229.61,10.64,20.41,62.94,110.77,11.57
"8342","益張",63.25,89.97,88.30,72.64,16.88,6.48,56.32,9.85,37.05,2.01,1.01,8.14,21.00,50.13,7.62,4.13,13.43,86.49,4.45
"8349","恒耀國際",59.80,183.40,160.47,80.33,7.63,5.52,66.12,2.66,137.21,2.50,0.91,7.39,15.17,103.21,6.87,5.41,42.11,93.93,8.65
"8354","冠好",43.89,156.47,209.79,172.19,10.46,2.66,137.21,2.67,136.70,0.77,0.36,3.23,5.37,15.68,7.98,1.17,36.19,41.29,6.19
"8358","金居",67.59,110.42,105.98,79.44,-3.91,3.72,98.11,8.26,44.18,1.45,0.84,-3.86,-12.02,-12.08,-5.58,-0.96,9.91,52.63,2.26
"8383","千附",34.47,342.91,193.06,127.67,9920.02,4.98,73.29,"NA","NA",3.23,0.70,9.41,14.36,40.80,13.37,3.53,38.24,100.73,9.59
"8390","金益鼎",36.67,349.29,321.04,183.00,-2.01,7.87,46.37,3.92,93.11,4.35,1.00,-4.42,-8.69,-14.11,-5.30,-1.12,32.53,45.21,7.46
"8401","白紗科",43.46,144.37,181.69,168.25,7.88,4.40,82.95,21.73,16.79,1.72,0.86,3.44,5.24,11.76,3.37,0.78,47.99,91.45,7.94
"8403","盛弘",32.90,411.23,205.30,189.32,18.43,3.49,104.58,10.53,34.66,4.42,0.78,8.90,14.45,37.51,10.85,3.50,21.74,37.05,6.20
"8409","商之器",12.86,213.93,349.67,336.60,"NA",2.95,123.72,32.37,11.27,1.67,0.57,-1.14,-1.29,0.03,-1.99,-0.21,13.53,"NA",1.66
"8410","森田",19.26,189.61,396.10,342.81,4.68,2.00,182.50,4.30,84.88,0.93,0.41,-0.32,-0.50,1.40,-0.94,-0.18,82.40,135.30,4.95
"8415","大國鋼",47.06,473.46,205.55,32.44,3.34,11.41,31.98,0.88,414.77,8.62,0.82,2.51,2.92,5.72,1.94,0.35,14.89,-30.91,6.12
"8416","實威",24.30,388.00,352.38,325.67,0.00,3.27,111.62,8.00,45.62,4.21,0.91,21.28,27.57,99.82,23.28,8.11,62.12,103.23,0.00
"8421","旭源",70.41,118.67,115.85,77.48,1.32,3.96,92.17,3.72,98.11,1.18,0.58,2.84,6.53,1.94,2.85,0.81,16.39,-27.25,8.73
"8423","保綠-KY",53.25,145.89,236.15,172.94,9.15,6.50,56.15,7.43,49.12,0.75,0.45,4.54,8.23,16.69,8.87,1.33,58.63,47.96,4.91
"8424","惠普",13.89,294.42,499.98,444.43,33680.80,6.26,58.30,9.98,36.57,4.22,0.85,13.71,15.81,46.70,15.96,3.76,118.84,127.40,5.66
"8426","紅木-KY",38.59,192.73,177.85,145.74,56.24,3.71,98.38,7.72,47.27,3.41,1.13,10.05,15.43,39.89,8.92,3.26,71.39,85.81,20.35
"8431","匯鑽科",36.56,231.52,260.27,250.76,-12.50,2.53,144.26,25.98,14.04,1.60,0.53,-4.94,-8.20,-21.74,-9.61,-1.99,37.55,98.10,7.84
"8432","東生華",6.76,5906.40,967.46,924.11,"NA",3.45,105.79,4.65,78.49,21.67,0.40,6.46,7.00,25.31,16.14,2.16,75.66,135.48,-0.15
"8433","弘帆",28.91,682.61,226.94,212.15,3223.30,4.68,77.99,30.86,11.82,12.52,1.51,21.13,29.15,75.38,14.00,6.75,71.86,111.62,12.59
"8435","鉅邁",16.32,392.13,545.66,502.24,196.63,3.77,96.81,6.31,57.84,3.13,0.71,10.99,13.00,40.66,15.39,3.09,87.75,117.43,1.86
"8436","大江",28.83,222.57,303.12,245.91,47.30,9.48,38.50,4.59,79.52,2.52,0.73,8.68,12.17,44.30,11.68,4.02,73.63,66.95,18.18
"8437","大地-KY",13.24,879.58,621.18,552.34,92.06,7.27,50.20,0.90,405.55,4.13,0.38,15.55,19.89,109.06,40.70,8.06,135.57,114.83,11.07
"8440","綠電",14.71,990.91,674.75,475.70,559.26,11.23,32.50,12.38,29.48,16.87,1.45,6.17,7.26,12.06,4.27,0.96,-21.43,-1.50,-5.40
"8444","綠河-KY",49.12,102.99,103.99,84.71,1019.72,20.45,17.84,15.17,24.06,0.75,0.54,8.08,14.31,37.12,13.85,4.20,54.28,53.34,5.86
"8446","華研",45.71,9653.01,165.90,157.22,34.64,25.28,14.43,1.20,304.16,64.56,0.59,13.02,24.04,63.88,21.46,5.31,68.36,76.21,67.15
"8450","霹靂",34.34,680.62,1307.93,1200.38,25.22,6.15,59.34,1.16,314.65,2.15,0.32,6.59,9.12,32.97,19.59,3.40,72.16,52.38,1.95
"8455","大拓-KY",68.05,394.97,135.41,124.71,10.44,3.28,111.28,32.18,11.34,15.77,1.78,3.59,9.92,23.88,1.80,1.35,4.22,285.72,4.91
"8472","夠麻吉",68.67,3351.41,108.90,99.93,"NA",159.94,2.28,"NA","NA",240.14,2.96,8.82,27.99,60.46,14.62,5.01,18.58,417.64,16.71
"8477","創業家",54.80,9865.12,180.63,173.49,0.00,92.66,3.93,316.92,1.15,1032.00,5.00,9.77,21.18,33.04,1.79,2.81,40.64,1342.22,46.33
"8489","三貝德",24.05,395.20,417.28,330.19,213.00,22.51,16.21,1.78,205.05,7.73,1.61,19.18,25.44,44.68,10.29,4.19,100.11,0.00,20.60
"8905","裕國",46.52,264.35,195.99,33.90,502.49,7.85,46.49,0.59,618.64,1.58,0.40,1.83,2.71,9.81,3.47,0.88,1.95,93.14,-2.40
"8906","花王",22.14,"NA","NA","NA","NA",4.01,"NA",11.35,"NA","NA","NA","NA","NA","NA","NA","NA","NA","NA","NA"
"8908","欣雄",50.94,85.02,73.08,57.01,60.45,10.71,34.08,28.89,12.63,2.37,1.58,6.19,12.41,18.35,3.86,1.51,33.18,112.62,8.65
"8916","光隆",45.41,310.91,213.36,81.16,16.83,10.48,34.82,2.69,135.68,7.35,1.50,7.71,13.41,47.94,4.82,4.09,36.63,48.73,7.92
"8917","欣泰",45.88,159.42,171.85,165.89,"NA",9.14,39.93,42.30,8.62,1.11,0.50,4.80,8.54,15.03,9.51,1.25,52.05,129.11,10.11
"8921","沈氏",18.64,237.61,306.23,275.14,8900.08,4.21,86.69,11.24,32.47,1.92,0.70,3.80,4.75,10.15,5.45,0.85,40.59,136.85,1.09
"8923","時報",39.91,4308.48,184.56,136.78,0.00,3.02,120.86,1.82,200.54,39.29,0.56,4.06,6.68,11.74,7.26,0.96,15.75,99.30,3.09
"8924","大田",39.63,293.19,226.79,160.06,-11.83,6.34,57.57,5.76,63.36,5.01,1.21,-1.47,-2.61,-5.59,-1.31,-0.56,0.86,50.02,-0.72
"8927","北基",39.87,87.66,30.67,25.15,0.18,60.13,6.07,72.90,5.00,1.57,1.18,-0.18,-0.93,-0.61,-0.46,-0.11,10.70,39.06,4.26
"8928","鉅明",56.85,131.44,126.26,89.86,2726.63,3.49,104.58,6.34,57.57,3.02,1.16,12.05,29.05,41.35,10.04,4.01,36.65,76.56,12.17
"8929","富堡",31.53,307.82,289.31,257.66,45.60,4.64,78.66,10.63,34.33,4.61,1.02,3.71,5.25,22.14,3.52,1.32,0.73,93.10,0.00
"8930","青鋼",42.22,140.44,272.76,203.01,-1.08,4.62,79.00,5.60,65.17,1.07,0.63,-1.26,-3.13,-3.36,-2.82,-0.46,46.33,32.30,4.31
"8931","大汽電",41.29,138.77,128.67,114.11,8.68,9.12,40.02,7.33,49.79,0.90,0.47,3.50,5.37,9.98,6.48,0.78,85.19,191.55,8.86
"8932","智通*",67.40,136.66,99.81,64.90,341.42,4.91,74.33,3.93,92.87,2.33,0.78,3.22,6.82,8.06,2.79,0.63,5.18,63.71,3.22
"8933","愛地雅",59.76,344.24,155.25,106.93,1093.30,3.35,108.95,3.35,108.95,7.92,0.97,4.95,11.96,23.02,4.33,1.78,-17.40,-14.40,-21.45
"8935","邦泰",43.89,182.78,280.51,152.20,-2.20,2.85,128.07,3.23,113.00,0.95,0.44,-4.03,-8.80,-5.18,-11.83,-0.73,-10.15,"*****",-1.37
"8936","國統",51.63,749.61,182.97,65.50,6.47,12.99,28.09,0.91,401.09,4.69,0.42,2.33,3.82,11.75,4.59,1.12,0.00,27.01,0.00
"8937","合騏",10.55,457.66,833.49,672.05,571.32,6.81,53.59,3.31,110.27,2.34,0.47,0.93,1.03,1.08,1.97,0.11,6.03,137.00,-1.25
"8938","明安",40.27,196.02,171.72,116.04,20.10,4.46,81.83,6.00,60.83,4.54,1.41,1.10,1.76,10.03,0.71,0.04,16.69,81.18,5.28
"8941","關中",56.45,326.17,88.30,42.31,443.09,4.32,84.49,4.24,86.08,10.23,1.45,3.87,8.00,29.51,1.95,2.80,-9.52,-102.84,-8.77
"8942","森鉅",25.49,242.99,203.73,144.28,75.68,5.93,61.55,2.60,140.38,1.19,0.49,13.12,16.73,76.17,24.40,7.79,25.69,40.38,5.49
"9949","琉園",22.24,337.01,434.24,240.57,-29.52,5.23,69.78,0.49,744.89,1.69,0.44,-6.54,-8.57,-12.75,-15.36,-1.27,17.15,64.39,0.94
"9950","萬國通",69.42,124.98,127.24,79.72,12.66,8.20,44.51,4.82,75.72,2.06,1.03,2.04,5.51,16.63,1.79,0.94,11.04,38.36,3.94
"9951","皇田",48.36,207.77,231.65,166.98,16441.71,4.22,86.49,3.98,91.70,2.66,0.98,17.47,33.91,106.71,17.64,8.77,56.05,80.48,5.57
"9960","邁達康",36.34,7977.92,326.67,262.13,8.25,27.14,13.44,2.32,157.32,79.45,0.72,2.14,2.90,5.01,2.58,0.40,30.91,102.90,7.43
"9962","有益",16.95,343.94,459.12,78.38,-38.75,25.80,14.14,2.71,134.68,6.99,1.57,-5.25,-6.89,-8.64,-3.42,-0.73,53.41,80.57,5.97